Substitution,P_aeruginosa_mutS,P_aeruginosa_mutL,B_cenocepacia_mutS,B_cenocepacia_mutL,COSMIC SBS6,COSMIC SBS15,COSMIC SBS12,COSMIC SBS26,COSMIC SBS44
A[C>A]A,0.000836143,0,0,0,0.000425233,0.000944202,0.000156993,0.000873118,7.68E-18
A[C>A]C,0.000431245,0.000539687,0.000524659,0,0.000524287,0.000497106,0.002359889,0.000528071,0.000150038
A[C>A]G,0.000807409,0.002566345,0.000262329,0.000462469,5.20E-05,4.61E-05,0.000293986,0.000114015,9.16E-07
A[C>A]T,0,0.000391466,0.001573977,0,0.000180099,0.001110238,0.000620971,0.000619084,0.005781464
C[C>A]A,0.00059777,0.000376648,0.00297619,0.000982697,0.001820998,0.041808951,2.22E-16,0.001410191,2.84E-05
C[C>A]C,0.00045787,0.000263774,0.001311647,0.001473151,0.004092242,0.005051081,0.002599878,0.001510204,0.030307676
C[C>A]G,0.001333149,0.001341328,0.004345092,0.000764171,0.001650905,6.62E-05,0.001979907,0.000362049,0.003740947
C[C>A]T,0.000334259,0.001260565,0,0.001417512,0.009605263,0.028706146,0.019099103,0.007140965,0.086721965
G[C>A]A,0.001320308,0.001230812,0.000786988,0.000571956,0.000427234,0.00229049,0.0021399,0.000496067,7.68E-18
G[C>A]C,0.000860853,0.001025715,0.00154535,0.00108872,0.000913501,0.002490533,0.007069668,0.00066609,0.004671183
G[C>A]G,0.00167615,0.000893991,0.001573977,0.000735291,0.000357196,0.000404087,0.001689921,0.000129017,0.000605153
G[C>A]T,0.000769409,0.000891568,0.000786988,0.000109487,0.001230674,0.018203897,0.008899582,0.00081711,0.011302863
T[C>A]A,0.00138461,0.000788526,0,0.000327118,0.000356195,0.017203683,0.001459931,0.000938127,0.000853216
T[C>A]C,0.00063501,0.000716075,0.001573977,0.000327118,0.000498273,0.005811244,0.000235989,0.000630085,0.002220562
T[C>A]G,0.001624852,0.001419471,0.002070009,0.000626252,0.00020011,7.69E-05,6.83E-05,0.000123017,3.15E-07
T[C>A]T,0.001021229,0.003494923,0.004841124,0.000545197,0.00074741,0.008051724,2.22E-16,0.001400189,0.016604205
A[C>G]A,0.000678472,0.001838334,0.001984127,0.001418407,0.000471258,0.000113024,1.69E-05,0.000427058,0.003180806
A[C>G]C,0.001618854,0.002091641,0.000524659,0.001985225,0.000289158,0.000269058,0.000718966,0.000378051,0.000233059
A[C>G]G,0.001150362,0.002353448,0,0.000491796,2.22E-16,3.07E-05,2.22E-16,6.83E-05,3.14E-05
A[C>G]T,0.001423962,0.000302206,0.00297619,0.000328461,0.000254139,0.00032507,6.19E-05,0.000728098,0.003290833
C[C>G]A,0.000568525,0.000326078,0,0,4.11E-05,8.36E-05,1.97E-05,0.000364049,5.36E-05
C[C>G]C,0.000438548,0.000539687,0,0.002476574,3.72E-05,1.70E-05,0.000272987,0.000322044,2.49E-05
C[C>G]G,0.000705137,0.000936443,0.001516722,0.001714524,8.43E-05,5.02E-05,1.01E-05,4.17E-05,7.68E-18
C[C>G]T,0.000401371,0.001153672,0.000786988,0.00256444,1.44E-05,8.45E-05,0.000172992,0.000625084,8.64E-05
G[C>G]A,0.000431094,0.001067773,0,0.000163783,1.94E-05,0.000994213,0.000387982,0.000395053,0.000219055
G[C>G]C,0.002351012,0.001849031,0.002303711,0.001936515,0.000685376,0.00060813,0.001419933,0.000579078,0.001190301
G[C>G]G,0.001035394,0.000730136,0.000524659,0.000709875,2.22E-16,1.01E-05,0.000116995,7.38E-05,7.68E-18
G[C>G]T,0.00164689,0.000971487,0.001516722,0.000328461,0.000321176,0.000451097,0.00020699,0.000305041,0.001850469
T[C>G]A,0.000707841,0.000326078,0.000786988,0.001690782,4.97E-05,0.000214046,0.000653969,0.001310177,0.00067317
T[C>G]C,0.000643417,0.000953987,0.002360965,0.001309815,0.000113062,6.12E-05,0.00063097,0.000745101,9.40E-06
T[C>G]G,0.000421857,8.15E-05,0.001254393,0.000328013,1.95E-06,5.84E-05,6.27E-05,9.41E-05,7.68E-18
T[C>G]T,0.000147649,0.001883239,0,0.001474046,0.00012807,0.000174037,0.000686968,0.002210299,0.002590656
A[C>T]A,0.025603157,0.033532473,0.011952647,0.01031725,0.064135143,0.005051081,0.002169898,0.002660359,0.089922775
A[C>T]C,0.030381557,0.033424616,0.00781263,0.009628725,0.022912555,0.00691148,0.003919816,0.002540343,0.016904281
A[C>T]G,0.029018399,0.029034083,0.011985959,0.014678282,0.12006579,0.074515954,0.007399653,0.00533072,0.014303623
A[C>T]T,0.005295533,0.003604155,0.004550167,0.005500796,0.021311678,0.001780381,4.17E-05,0.002790377,0.030307676
C[C>T]A,0.021851167,0.022625084,0.010931957,0.009719548,0.013607456,0.010802313,0.001349937,0.001690228,0.003570904
C[C>T]C,0.052247197,0.05046651,0.023971918,0.01433581,0.014808114,0.011102377,0.005159758,0.002830382,0.002860725
C[C>T]G,0.058179728,0.055292055,0.021520387,0.024831419,0.122066887,0.024805311,0.006219708,0.003340451,0.015503927
C[C>T]T,0.010266275,0.010355794,0.003849061,0.007320565,0.013807566,0.015603341,0.000324985,0.001650223,0.005041277
G[C>T]A,0.027568384,0.028209313,0.01644556,0.011595734,0.093651316,0.073715783,0.009319563,0.002750372,0.095524194
G[C>T]C,0.049054153,0.048636558,0.02647602,0.020537549,0.111060856,0.129027625,0.01959908,0.005450736,0.081420622
G[C>T]G,0.042647303,0.038472356,0.01866339,0.018305248,0.178097589,0.277059318,4.34E-05,0.006680903,0.049612566
G[C>T]T,0.01050646,0.012022361,0.007202089,0.005993605,0.07444079,0.077216532,0.008049622,0.004980673,0.066616872
T[C>T]A,0.015064879,0.010370352,0.007521673,0.007457259,0.012006579,0.026505675,0.003599831,0.003290445,0.001400355
T[C>T]C,0.018570756,0.018997181,0.005947696,0.013070228,0.010505757,0.009562047,8.07E-05,0.002530342,0.00225057
T[C>T]G,0.024559042,0.020602103,0.010555118,0.011838781,0.052028509,0.02120454,0.000316985,0.002630355,7.68E-18
T[C>T]T,0.00642545,0.002796807,0.002480159,0.004057869,0.006993832,0.001740373,7.31E-05,0.002130288,0.003020765
A[T>A]A,0.001523047,0,0,0,9.83E-05,0.002040437,0.003459838,0.001520205,0.004781211
A[T>A]C,0.001091721,0.000564972,0,0.000491349,0.000546299,0.00084118,0.005649735,0.003520476,0.002600659
A[T>A]G,0.000486592,0,0,0.001223175,2.22E-16,0.000540116,0.000247988,0.000625084,1.08E-06
A[T>A]T,0.000641916,0,0.00297619,0.001527894,0.00166091,0.009542043,0.001599925,0.003070415,0.030807803
C[T>A]A,0.000492126,0,0,0,6.66E-05,0.000348075,6.19E-06,0.000944128,1.24E-05
C[T>A]C,0.000397697,0,0.001516722,0.000491796,0.000551302,0.000244052,0.000687968,0.001450196,0.003250823
C[T>A]G,0.001284248,0.000705244,0,0.000436157,0.000115063,8.20E-05,0.000124994,0.001140154,0.000582147
C[T>A]T,0.000221631,0.001425338,0.001488095,0.000327118,0.000179098,0.001050225,2.22E-16,0.000642087,1.38E-05
G[T>A]A,0.000489716,0,0,0,5.10E-05,0.000511109,0.001169945,0.000783106,0.001160294
G[T>A]C,0.000304207,0.000538086,0.000524659,0.000164231,0.000489268,0.000589126,0.003259847,0.001150155,0.002360598
G[T>A]G,0.001020109,0.00130965,0,0.001034424,0.000195107,0.00018704,0.000741965,0.000608082,0.00221056
G[T>A]T,9.35E-05,0.000326078,0.000786988,0,0.000248136,0.00084018,0.000936956,0.000834113,0.003180806
T[T>A]A,0.000724841,0.005838041,0,0,0.000454249,0.001090233,0.000256988,0.001130153,0.006961763
T[T>A]C,0.000558757,0.000564972,0,0.000924937,0.000114063,0.000157034,0.000794963,0.00126017,2.07E-05
T[T>A]G,0.000326477,0,0,0.000436157,2.95E-05,0.000149032,9.85E-05,0.000278038,5.02E-06
T[T>A]T,0.00028006,0.001923077,0,0,0.000426234,0.000475102,7.64E-05,0.001310177,0.013903521
A[T>C]A,0.015416412,0.018440531,0.012854145,0.01215288,0.002211212,0.003890833,0.016699216,0.084811458,0.019304889
A[T>C]C,0.012365486,0.013778392,0.013149786,0.017960735,0.00113062,0.00196042,0.009999531,0.026103527,0.003240821
A[T>C]G,0.013843564,0.016498547,0.021000412,0.015942755,0.004242325,0.000240051,0.003879818,0.078510607,0.027206891
A[T>C]T,0.009615592,0.010109822,0,0.005299825,0.000502275,0.000929199,0.025598798,0.037205026,0.000267068
C[T>C]A,0.028655436,0.020398058,0.02662384,0.047809366,0.00166091,0.000750161,0.01149946,0.052007026,0.014603699
C[T>C]C,0.021017229,0.023818391,0.038557229,0.025377261,0.001030565,0.00215046,0.002819868,0.031204216,0.003200811
C[T>C]G,0.045242954,0.0423637,0.074138268,0.070667845,0.005322917,0.001390298,0.014399324,0.078710634,0.033808563
C[T>C]T,0.024787851,0.021106256,0.039635175,0.034608536,0.001270696,0.001750375,0.021698981,0.055507499,0.007711953
G[T>C]A,0.088316939,0.093817764,0.110706686,0.146426377,0.002571409,0.012902762,0.222989533,0.083511282,0.02700684
G[T>C]C,0.061130151,0.063905486,0.094261126,0.087712091,0.001110609,0.011602484,0.066296888,0.024803351,0.001160294
G[T>C]G,0.103501745,0.09571607,0.199807105,0.194480332,0.002451343,0.005951274,0.116994508,0.07120962,0.017304383
G[T>C]T,0.071193291,0.077134838,0.082265798,0.069507377,0.000906497,0.005861255,0.132993757,0.055207459,0.011102812
T[T>C]A,0.007100248,0.007161157,0.005771249,0.004797732,0.001480811,0.003420732,0.084196048,0.042305716,0.019905041
T[T>C]C,0.00750602,0.006044281,0.012076525,0.015503992,0.001090598,0.005921268,0.054797428,0.031404243,0.01050266
T[T>C]G,0.004075529,0.003847118,0.011084462,0.00605193,0.002131168,0.001320283,0.027598705,0.030304094,0.019104839
T[T>C]T,0.005175251,0.004304478,0,0.006206546,0.001740954,0.001350289,0.04069809,0.057407756,0.037109399
A[T>G]A,0,0,0,0,2.57E-05,0.0004681,0.000391982,0.002920395,2.40E-08
A[T>G]C,0.000368254,0.000151103,0.000524659,0.00125552,0.000204112,0.000415089,0.000436979,0.002530342,3.26E-05
A[T>G]G,0.000223157,0.001443181,0.001488095,0.001223175,0.000107059,0.00018504,0.000186991,0.002290309,7.47E-06
A[T>G]T,0.000408097,0,0.00297619,0.000328461,0.000386212,0.003630777,6.95E-05,0.005930801,0.00142036
C[T>G]A,0.000184547,0.001548871,0,0,4.95E-05,0.000206044,4.35E-06,0.001420192,0.000234059
C[T>G]C,0.000430744,0.000885584,0.003004818,0.000875001,0.00078443,0.000157034,5.44E-05,0.004940667,0.002530641
C[T>G]G,0.000642747,0.000263774,0.000524659,0.000981354,0.000924507,0.000272058,2.01E-05,0.005560751,0.003470879
C[T>G]T,0.000704683,0.000326078,0.000786988,0.000383205,0.001300713,0.002490533,0.000184991,0.007801054,0.000384097
G[T>G]A,0.000314674,0.002651752,0,0.001637829,4.35E-05,0.000203043,0.000285987,0.001370185,7.68E-18
G[T>G]C,0.002375091,0.002596834,0.005365783,0.003191256,0.000213117,0.000580124,0.000532975,0.001210163,1.83E-05
G[T>G]G,0.001978061,0.001380879,0.002041381,0.001421541,0.00027415,0.000347074,0.00021299,0.002350318,0.000103026
G[T>G]T,0.000926791,0.000326078,0.001488095,0.001801164,0.000787431,0.001390298,0.002589878,0.006050817,0.002800709
T[T>G]A,0.004367148,0,0,0,0.000105058,0.000231049,0.000464978,0.001430193,7.68E-18
T[T>G]C,0.000541388,0.001488915,0,0.00136199,0.000287157,0.000294063,0.000378982,0.001720232,7.68E-18
T[T>G]G,0.000581345,0.000326078,0,0.000436157,0.000324178,0.000148032,0.000130994,0.002840384,0.000917232
T[T>G]T,0.00137281,0.001923077,0,0,0.001010554,0.005991283,2.22E-16,0.009451277,0.00900228