MutationType,Mycobacteria_SBS96A,Mycobacteria_SBS96B,Mycobacteria_SBS96C,Mycobacteria_SBS96D,Mycobacteria_SBS96E,E_coli_shigella_SBS96A,E_coli_shigella_SBS96B,Burkholderia_SBS96A,Burkholderia_SBS96B,Neiserria_SBS96A,Neiserria_SBS96B,Neiserria_SBS96C,Neiserria_SBS96D,Campylobacter_SBS96A,Klebsiella_SBS96A,Klebsiella_SBS96B,Pseudomonas_SBS96A,Staphylococcus_SBS96A,Staphylococcus_SBS96B,Streptococcus_SBS96A,Streptococcus_SBS96B,Streptococcus_SBS96C,Streptococcus_SBS96D,Enterococcus_SBS96A,Enterococcus_SBS96B,MTB_SBS96A,MTB_SBS96B,Pneumoniae_SBS96A,Pneumoniae_SBS96B,Pneumoniae_SBS96C,Agalactiae_SBS96A,Agalactiae_SBS96B,Agalactiae_SBS96C
A[C>A]A,0.00291955,0.000729419,0.008214882,0.003826267,0.009725846,0.00285944,0.01041083,0.00246572,0.00089419,0.00445813,0,0.00413299,0.00341941,0.001509184,0.01834891,0.00572922,0.005988777,0.00473923,0.00959208,0.00627762,0.00674894,0.00321189,0.00502531,0.009031252,0.01530202,0.00795364,0.00335123,0.004430713,0.008565283,0.004137247,0.00467185,0.00682386,0.00700952
A[C>A]C,0.000939944,0.000648247,0.009576434,0.005022697,0.008275403,0.00752314,0.00575297,0.00453024,0.00190275,0.00059117,0.00636981,0.00444888,0.00279463,0.000563904,0.01153907,0.00620801,0.006097974,0.0030258,0.01026678,0.01361286,0.0071496,0.00416273,0.00351525,0.016699678,0.011689215,0.00843785,0.00393464,0.005561529,0.007222983,0.005866884,0.01239927,0.00813597,0.00900337
A[C>A]G,0.001471403,0.001111477,0.013154552,0.005333442,0.010751309,0.00215829,0.00756374,0.00122364,0.00201642,0.00333479,0.00076519,0.00503078,0.00317055,0.001434078,0.01196598,0.00560052,0.005967601,0.00702593,0.00866485,0.00637999,0.0022735,0.00520922,0.00317301,0.005430571,0.017366096,0.01227686,0.00378954,0.003518294,0.001867803,0.004077714,0.00518497,0.0067213,0.00352452
A[C>A]T,0.000773307,0.000955377,0.007486308,0.004388144,0.010234298,0.00035413,0.01472132,0.00328154,0.00103499,0.00310885,0.00165821,0.00412751,0.00194272,0.000993353,0.01158232,0.00349846,0.006115637,0.00427892,0.01031917,0.01133178,0.00754736,0.00172152,0.0016649,0.010814852,0.010059744,0.00740831,0.0034935,0.002276299,0.0108525,0.003412827,0.00794204,0.00939138,0.00817061
C[C>A]A,0.004574052,0.003027929,0.005024975,0.00130621,0.006175936,0.00633821,0.0063669,0.00568253,0.00272116,0.00256158,0.00458534,0.00439985,0.0049454,0.002395454,0.01256073,0.00783122,0.006029763,0.00506583,0.00701144,0.00760774,0.01326283,0.00473844,0.00637647,0.012257704,0.009084535,0.00530731,0.00180363,0.008717146,0.011990124,0.008984653,0.00957118,0.00792217,0.00660484
C[C>A]C,0.003402054,0.003194528,0.00764486,0.003070397,0.005761954,0.01041866,0.00606819,0.00999699,0.00291766,0.00094374,0.00876919,0.01181858,0.00734493,0.002649471,0.01535088,0.00495121,0.005459282,0.00981288,0.0077179,0.00387143,0.01151027,0.0026963,0.00724275,0.007124886,0.01039838,0.00751648,0.00249381,0.004681551,0.011124211,0.011142809,0.00521784,0.0083959,0.00340688
C[C>A]G,0.003774886,0.005122342,0.013080433,0.002190564,0.00344817,0.01141331,0.01129681,0.00120905,0.0040884,0.003062,0.00486008,0.00783708,0.00906312,0.007441175,0.01297579,0.01107153,0.006678213,0.01673991,0.00912291,0.01655964,0.01410078,0.00327018,0.00994079,0.009737929,0.014885652,0.01140623,0.00160383,0.00668702,0.010810767,0.017447763,0.0096636,0.03013486,0.00493312
C[C>A]T,0.002813969,0.00485765,0.007585164,0.00240413,0.003395538,0.0042427,0.01234703,0.00354447,0.0035462,0.00346972,0.00458246,0.00475825,0.00196116,0.001150287,0.01370495,0.0076542,0.005262649,0.00437153,0.00828374,0.00900331,0.01506322,0.0027231,0.00337166,0.00657026,0.011145339,0.00684736,0.00217354,0.007964786,0.015339807,0.006096999,0.00918267,0.01070058,0.00641791
G[C>A]A,0.003399092,0.001663055,0.007430447,0.003562056,0.009185191,0.00772991,0.00757787,0.00128311,0.00201537,0.00317274,0.00556689,0.01090592,0.00700424,0.002280257,0.01299831,0.01070738,0.006183654,0.00473797,0.01266539,0.01752847,0.01170669,0.00425785,0.01692665,0.013150288,0.015713042,0.00791243,0.00332898,0.011397169,0.012850026,0.013118681,0.01398385,0.01040197,0.02171312
G[C>A]C,0.002558408,0.001409643,0.006420866,0.00423521,0.005551671,0.0064343,0.00582756,0.00231956,0.00246868,0.00164437,0.00732101,0.00453521,0.00367433,0.001117065,0.01008858,0.00610252,0.005036252,0.00962844,0.01047526,0.01215315,0.0154393,0.00524045,0.00662977,0.01716467,0.008135376,0.00639978,0.00334291,0.011632698,0.014501176,0.007378245,0.01073371,0.01364521,0.0105834
G[C>A]G,0.002191918,0.002636829,0.010069057,0.008160679,0.007664856,0.01567847,0.01024073,0.00050407,0.00266096,0.00187073,0.01339737,0.02036152,0.01151493,0.005746239,0.01087242,0.01299103,0.009421809,0.01564085,0.01181101,0.01446865,0.01884844,0.00451053,0.00854581,0.013855057,0.027441702,0.00939604,0.00625371,0.013520171,0.01596756,0.011808167,0.01390671,0.0160968,0.01089648
G[C>A]T,0.00192761,0.001871199,0.005888264,0.002044916,0.005859935,0.00499777,0.01169304,0.00099022,0.00227403,0.00530403,0.00586051,0.00447193,0.00367997,0.001770577,0.01160848,0.00814575,0.007201658,0.00453102,0.01603076,0.01888808,0.03041603,0.00014852,0.00854485,0.014986011,0.00954981,0.00591571,0.00184268,0.01170553,0.037408375,0.011180181,0.01746851,0.01791698,0.0182695
T[C>A]A,0.001669998,0.001511836,0.005830694,0.003944814,0.005629391,0.00523784,0.01014971,0.00104073,0.00092066,0.00222359,0.00268004,0.00693232,0.00524687,0.001966933,0.01347878,0.01480016,0.00931066,0.00430796,0.00762555,0.00663109,0.01480107,0.00077361,0.00687356,0.009779976,0.008047213,0.00547193,0.00326329,0.00663397,0.014155255,0.010023679,0.00763844,0.0083282,0.00641432
T[C>A]C,0.000924346,0.001663689,0.00617044,0.001440534,0.006787688,0.00460888,0.00592586,0.00356962,0.00170345,0.00175184,0.00090225,0.00447988,0.00282838,0.000775803,0.01185377,0.01021011,0.004932617,0.00454748,0.0098546,0.00598354,0.01348584,0.00372164,0.01031756,0.010443629,0.009410449,0.0063825,0.00107402,0.004625161,0.016093817,0.012201271,0.00678801,0.00827573,0.00784919
T[C>A]G,0.000662745,0.002230639,0.008500219,0.001881197,0.005135136,0.01004168,0.00852042,0.00067861,0.0010218,0.00112773,0.0029006,0.00379481,0.00363233,0.003968177,0.00977959,0.01526586,0.008206293,0.01299223,0.00925927,0.01050056,0.02127745,0.00239641,0.01617626,0.009561142,0.008658907,0.00750424,0.00138205,0.009308358,0.021019267,0.02020379,0.01027418,0.01629533,0.01178218
T[C>A]T,0.001147897,0.00130755,0.006560151,0.004444257,0.009324747,0.00742606,0.01526467,0.00111678,0.002141,0.00369298,0.00277163,0.00703944,0.0044827,0.000920011,0.01596276,0.02303637,0.012098266,0.0023148,0.01240965,0.01185557,0.02483869,0.00178956,0.01433282,0.008276871,0.010443214,0.00645218,0.00409876,0.009382079,0.027604192,0.017817827,0.01194564,0.01610843,0.01309825
A[C>G]A,0.009412952,0.002874502,0.003562227,0.002427048,0.004744607,0.00092063,0.00167064,0.00133565,0.00309354,0.00156124,0.00105842,0.00174684,0.00088998,0.000580186,0.0038284,0.00204269,0.00388485,0.00171942,0.00227479,0.00129117,0.00139705,0.00061348,0.00330804,0.002566148,0.001925995,0.00383944,0.00384985,0.000887503,0.001778641,0.003012329,0.00082987,0.00159926,0.00234094
A[C>G]C,0.005722565,0.000692985,0.006647809,0.005416325,0.009878099,0.00406446,0.00490381,0.00576825,0.00266013,0.00096061,0.00182498,0.00680056,0.00267934,0.000874225,0.00387132,0.00649548,0.007843083,0.0005037,0.00633809,0.00287686,0.00202462,0.0029448,0.0057007,0.004680218,0.004096169,0.00710916,0.00523102,0.002786302,0.002631049,0.00419586,0.00226382,0.00194763,0.00573312
A[C>G]G,0.008996932,0.004092078,0.003659525,0.003237747,0.007069137,0.00314465,0.00150644,0.00181178,0.00252047,0.00126205,0.00231179,0.00250195,0.00260062,0.000539754,0.00509596,0.00325624,0.006501195,0.00109075,0.00327602,0.00076122,0.00178945,0.00244887,0.00182461,0.001418316,0.002302475,0.00443187,0.00460252,0.001146477,0.001607608,0.002864163,0.00088646,0.00191332,0.00147916
A[C>G]T,0.002839976,0.003231061,0.00604841,0.004504364,0.011556908,0.00328203,0.00106166,0.00296998,0.00119448,0.00079384,0.00155781,0.00005893,0.00204465,0.00079197,0.00298832,0.00316433,0.004139448,0.00212049,0.00225832,0.00167895,0.00272494,0.00195316,0.00352848,0.002700851,0.001506645,0.00714826,0.00452239,0.000695641,0.004011882,0.004321393,0.00199778,0.00203893,0.00227182
C[C>G]A,0.021372311,0.003510127,0.006449169,0.001492529,0.011461274,0.00160245,0.00050599,0.00619519,0.00692255,0.00479994,0.00558069,0.00005252,0.00190079,0.001007635,0.00235874,0.00113081,0.004621907,0.00098952,0.00179474,0.00061941,0.00088763,0.00134585,0.00253911,0.000569479,0.003123334,0.00844582,0.00531942,0.001586404,0.001144023,0.001129593,0.00082295,0.00058632,0.00169543
C[C>G]C,0.020004737,0.002096587,0.011059748,0.002381782,0.011736667,0.00150513,0.00231226,0.01252227,0.01056135,0.00673902,0.00454104,0.00066016,0.00319968,0.001680538,0.00377517,0.00157346,0.0043111,0.00186086,0.00347822,0.00070245,0.00192298,0.0017728,0.00162876,0.003177771,0.005300342,0.01166331,0.0053884,0.00229091,0.002446886,1.03E-10,0.00054496,0.00136491,0.00234301
C[C>G]G,0.021111179,0.006444935,0.006463946,0.000852928,0.009938408,0.00196146,0.00140216,0.00181362,0.00673847,0.00564067,0.00318294,0.00089155,0.00188242,0.002584719,0.00338427,0.0010031,0.003234837,0.00576643,0.00246111,0.00017574,0.00312183,0.00047704,0.00236526,0.002200247,0.0070246,0.00824457,0.0047594,0.000522227,0.006322076,7.26E-10,0.00000047,0.0014269,0.00184726
C[C>G]T,0.014468747,0.002846091,0.008460176,0.001544098,0.015863225,0.00138517,0.0013152,0.00512775,0.00663795,0.00238453,0.00120445,0.00142702,0.00096686,0.000276223,0.00334409,0.00086542,0.003539692,0.00136092,0.00129726,0.0010363,0.00001641,0.00193633,0.00127311,0.000189078,0.004296663,0.01049709,0.00423309,0.001066157,8.03E-05,0.000953149,0.00136061,0.00021602,0.00108936
G[C>G]A,0.008503845,0.00211772,0.003954246,0.002949172,0.007117005,0.00112458,0.00133066,0.0024793,0.00107484,0.00309395,0.00191824,0.00034671,0.00165578,0.000569246,0.00226709,0.00097938,0.003747645,0.00092498,0.00283995,0.00130971,0.00157615,0.0024553,0.00004782,0.001941317,0.003163844,0.00441398,0.00430932,0.0011629,0.001738664,0.000687595,0.00181265,0.00139068,0.00051861
G[C>G]C,0.009267178,0.001692239,0.005629334,0.004614412,0.008926891,0.00276882,0.00482946,0.00363034,0.00385198,0.00322135,0.00411553,0.00464648,0.00124257,0.001433942,0.00467428,0.00231536,0.004772773,0.00253639,0.00397729,0.00506809,0.00017755,0.00067069,0.00772611,0.004199965,0.004269068,0.00629908,0.00540783,0.001146746,0.002980954,0.002780158,0.00170738,0.0007649,0.01182602
G[C>G]G,0.009916695,0.001862463,0.004878082,0.00227256,0.006269908,0.0014932,0.00193423,0.00141268,0.00237634,0.00337187,0.00265753,0.00166667,0.00129738,0.001125163,0.00402833,0.00174394,0.004436984,0.00217886,0.00465743,0.00156427,0.00056978,0.00202947,0.00585842,0.006336141,0.003624955,0.00530307,0.00369984,0.000195354,0.002356119,0.004212392,0.00150371,0.00026268,0.00454436
G[C>G]T,0.006757717,0.000999905,0.004220022,0.002973347,0.013870767,0.00128044,0.00149328,0.00275491,0.00119016,0.0013006,0,0.00808554,0.00186278,0.000468626,0.00226629,0.00163592,0.004252061,0.00138471,0.00258905,0.00118293,0.00078156,0.00335551,0.00294076,0.001406464,0.002798942,0.0063731,0.00401043,0.001313431,0.000237195,0.004496011,0.00179011,0.00115488,0.00138466
T[C>G]A,0.014692,0.003562462,0.005628712,0.001876907,0.005432847,0.00089638,0.0012716,0.00139918,0.0022418,0.00704001,0.00091241,0.00340549,0.00289328,0.000725429,0.00188662,0.00126017,0.003360917,0.0015383,0.00116288,0.0003557,0.00121269,0.0007627,0.001666,0.001645022,0.001087004,0.00593579,0.00410735,0.000263948,0.001479303,0.00240334,0.00066997,0.00085284,0.00049152
T[C>G]C,0.009743639,0.002307765,0.006507035,0.002049898,0.011559966,0.00107734,0.00109653,0.0047581,0.00348826,0.00487097,0.00318608,0.00068117,0.00051418,0.00053122,0.00279881,0.00036659,0.004769846,0.00167671,0.00227653,0.00072568,0.000249,0.00246027,0.000437,0.002710563,0.002495285,0.00761793,0.00347687,0.000748676,0.000162639,0.000759197,0.00103052,0.00070432,0.00059598
T[C>G]G,0.012312188,0.00396074,0.004315849,0.002579498,0.006466327,0.00118031,0.00096718,0.00104544,0.00200696,0.00456623,0.00451747,0.00136162,0.00077212,0.002047439,0.00164643,0.00119786,0.003034008,0.00147057,0.00227243,0.0009492,0.00092961,0.00080079,0.00264715,0.001653711,0.001693404,0.00493438,0.00447151,0.00166693,0.00108063,0.000661374,0.00000282,0.00097295,0.00373453
T[C>G]T,0.010553883,0.000760503,0.006057151,0.006502659,0.012439877,0.00086965,0.00126177,0.00171914,0.00322958,0.00218204,0.00312367,0.00054311,0,0.000408457,0.0022119,0.00065636,0.003668699,0.00159296,0.00126536,0.00061981,0.00061212,0.00139653,0.00115867,0.002417563,0.002002376,0.00725635,0.00753998,0.00035411,0.000781549,0.001527995,0.00080552,0.00070212,0.00062579
A[C>T]A,0.013122021,0.017796167,0.042518467,0.030165954,0.013776565,0.0396526,0.02913483,0.00781165,0.02569042,0.0169413,0.03590504,0.02055036,0.02718194,0.031868491,0.03038659,0.02234732,0.0295554,0.02536305,0.02770738,0.04898421,0.0393393,0.04595672,0.03436512,0.02833635,0.020284033,0.03667917,0.02284805,0.043798112,0.040948712,0.033179253,0.04714903,0.04255541,0.04541211
A[C>T]C,0.012345387,0.01141417,0.02966738,0.022048306,0.013298753,0.02610031,0.02982791,0.03026303,0.03062056,0.0098908,0.04229134,0.02326531,0.02486111,0.016061473,0.02461342,0.01426703,0.026719685,0.0219758,0.03582899,0.03552097,0.05182759,0.02473092,0.03331963,0.042756113,0.025573983,0.02663409,0.01735418,0.041254114,0.04240298,0.04171699,0.03334243,0.05242749,0.02863173
A[C>T]G,0.019730775,0.027657227,0.047514973,0.030736851,0.007886211,0.0385198,0.03541876,0.00376515,0.02431256,0.02106519,0.02091033,0.03507617,0.03197154,0.04878048,0.02429562,0.0216945,0.025251522,0.04265345,0.03835521,0.0561657,0.02963854,0.05728628,0.03520097,0.041059722,0.01654757,0.03965609,0.02456882,0.04318924,0.028313592,0.03845213,0.05433745,0.04585145,0.04471718
A[C>T]T,0.027207042,0.017304868,0.032191422,0.013598366,0.015598661,0.01746363,0.02059721,0.01199962,0.03750107,0.02963187,0.0409019,0.02923287,0.02727498,0.018144513,0.02292288,0.01207613,0.019714465,0.03175883,0.02141447,0.01922584,0.02753245,0.02678149,0.02532082,0.022143891,0.012980907,0.02999359,0.01416813,0.025414453,0.026535624,0.02698223,0.02492128,0.01985934,0.02022995
C[C>T]A,0.002056483,0.016642307,0.039592093,0.028858483,0.009800217,0.04428746,0.04019018,0.04715935,0.00396015,0.00521445,0.03812374,0.02309163,0.05353853,0.036677113,0.02579084,0.04264404,0.023498607,0.01656732,0.02781544,0.04348758,0.02423001,0.03464578,0.03149316,0.024418579,0.020990487,0.03315994,0.02032061,0.035415828,0.027290316,0.022470156,0.03691862,0.02950307,0.04772584
C[C>T]C,0.006997288,0.01158025,0.031620664,0.026139405,0.010691298,0.02716991,0.02716331,0.07754042,0.01429268,0.00724292,0.02483012,0.02607598,0.0301429,0.036272228,0.02455557,0.02136311,0.028474844,0.02478281,0.03675199,0.04415939,0.04425652,0.03857495,0.02535583,0.031438357,0.027566918,0.02596045,0.01948813,0.038799841,0.047928558,0.027254728,0.0411988,0.04394041,0.03791216
C[C>T]G,0.00543181,0.020788878,0.041545791,0.032404901,0.006870068,0.03324575,0.05273298,0.01642892,0.01587243,0.00314454,0.04102516,0.10101269,0.07658134,0.096796547,0.02387392,0.02345948,0.027518026,0.06189349,0.0403891,0.06446935,0.0316173,0.05118348,0.05173118,0.035780701,0.025707243,0.03314572,0.02359566,0.053619681,0.029144054,0.042641507,0.05394692,0.0518715,0.06081065
C[C>T]T,0.017329197,0.021709926,0.037974514,0.020330026,0.013545963,0.04027517,0.04887852,0.03604198,0.02563273,0.02228626,0.02889962,0.02759013,0.03066508,0.023469168,0.0222587,0.04698857,0.020571161,0.02874055,0.02901592,0.02109451,0.02556745,0.03445872,0.02855522,0.029848544,0.022501312,0.0330689,0.01739492,0.034175282,0.021647178,0.025907133,0.02732534,0.02106083,0.02312084
G[C>T]A,0.00759495,0.015935816,0.030182627,0.032421703,0.010884194,0.03100798,0.03432793,0.01088826,0.01107087,0.01473535,0.02446934,0.04116517,0.03134342,0.041679373,0.02507057,0.02059601,0.029226442,0.01862901,0.04250732,0.04547993,0.03314734,0.04734754,0.03482229,0.035749543,0.034352561,0.02475743,0.02504285,0.04191947,0.033566988,0.03196289,0.04063149,0.04441749,0.04296796
G[C>T]C,0.008850982,0.011526342,0.02915408,0.026507405,0.012644736,0.03158469,0.03493646,0.01930149,0.01485363,0.02914371,0.02279784,0.0243401,0.02515666,0.029166222,0.02466917,0.01760898,0.028745935,0.02682244,0.05574038,0.07517069,0.02809489,0.01502109,0.13790252,0.038040982,0.027070917,0.02472135,0.02045896,0.03960736,0.046257181,0.096417207,0.04800161,0.03853301,0.12099507
G[C>T]G,0.012747332,0.022023627,0.033927487,0.039814799,0.014323267,0.04990877,0.04228715,0.00582714,0.0176041,0.01280401,0.04975401,0.08360736,0.03632711,0.098408953,0.02710856,0.03209104,0.030769647,0.05883818,0.05456628,0.05773535,0.04526658,0.06898986,0.03213304,0.043907906,0.044149058,0.02784007,0.03296445,0.053616853,0.049564067,0.029268717,0.04966601,0.05667446,0.0579635
G[C>T]T,0.022282558,0.018375061,0.028675659,0.018591145,0.018402688,0.0216199,0.03138326,0.01110516,0.02324035,0.03474874,0.02297055,0.03526683,0.02775504,0.024379002,0.02393239,0.01750936,0.022837275,0.03163301,0.03145554,0.02015333,0.03736178,0.03975583,0.02874051,0.027163199,0.026471184,0.02677487,0.01809317,0.043832848,0.031469483,0.026902661,0.03197028,0.02195916,0.02206026
T[C>T]A,0.004584662,0.011424381,0.033075276,0.026853543,0.010725603,0.02474295,0.01897778,0.00798888,0.01166035,0.02344357,0.02699959,0.0214251,0.02343455,0.022043611,0.01855714,0.01673864,0.016601511,0.02631015,0.01781697,0.02291066,0.02666805,0.02651575,0.01859219,0.02238262,0.018782634,0.02707694,0.0199959,0.028777993,0.023262035,0.019468006,0.02510542,0.02518416,0.02001538
T[C>T]C,0.009804854,0.009121071,0.024045222,0.02005126,0.015248321,0.02066933,0.02717645,0.03130379,0.02201083,0.01239709,0.0310287,0.03415224,0.02099195,0.013048192,0.02236857,0.0167421,0.02579585,0.02159671,0.02996794,0.0320184,0.04205323,0.03209642,0.02330122,0.030366132,0.019160094,0.02105981,0.01690832,0.035819036,0.037371234,0.029979598,0.03310776,0.04085251,0.02393463
T[C>T]G,0.005027853,0.016560125,0.03455308,0.025947939,0.008234841,0.03810766,0.02390485,0.00436315,0.01385562,0.01524285,0.03600164,0.03837762,0.03127416,0.052013652,0.00156237,0.0857806,0.022246594,0.04438341,0.03262483,0.0307479,0.04168671,0.03723565,0.02362834,0.035820719,0.024546147,0.02750473,0.01976435,0.041413452,0.036625734,0.027719067,0.03956269,0.02810942,0.02525757
T[C>T]T,0.022108264,0.010991088,0.025597187,0.020771571,0.014528173,0.01510287,0.01963238,0.01152137,0.0238985,0.02764097,0.04397075,0.03001128,0.03789628,0.01461388,0.01852324,0.01285736,0.014353938,0.02944347,0.01655563,0.01584974,0.02786928,0.02439143,0.01967092,0.024109377,0.016686358,0.02167567,0.02034966,0.02593336,0.024120298,0.023293611,0.02375973,0.01810337,0.01404883
A[T>A]A,0.002704627,0.00293258,6.10E-08,0.000262618,0.012238212,0.00093207,0.00335155,0.00124188,0.00071097,0.0005086,0.00106488,0.00103149,0.00099051,0.000539722,0.00818241,0.01070784,0.002526577,0.00481003,0.00416177,0.00329352,0.00089278,0.00363076,0.00085887,0.004111959,0.006174881,0.0023421,0.00203872,0.000542006,0.001686062,0.002237096,0.00354855,0.00155615,0.00206788
A[T>A]C,0.001235172,0.000781628,0.000889301,0.001850568,0.004056785,0.00492957,0.00145371,0.00029296,0.00138244,0.00048689,0.00082602,0.00041502,0.0007872,0.000757882,0.01052236,0.00525203,0.004035325,0.00338851,0.00399852,0.00412172,0.00534378,0.00418856,0.00033329,0.003450673,0.002455985,0.00131498,0.00201958,0.000500897,0.009206356,0.002022608,0.00610666,0.00253222,0.00170175
A[T>A]G,0.001025152,0.001681349,0.000559242,0.000579596,0.00312166,0.00112048,0.00161806,0.00026132,0.00238975,0.00163039,0.00095842,0.00060718,0.00050191,0.000747911,0.00497577,0.00184867,0.003623034,0.00570748,0.00258871,0.002991,0.00160689,0.00255434,0.0009831,0.002866849,0.002602837,0.00092878,0.00093754,0.000847919,0.002430294,0.001698037,0.00193307,0.0036036,0.0021985
A[T>A]T,0.002729169,0.000880151,0.000758358,0.0004054,0.00588944,0.00119708,0.00413019,0.0007137,0.00115925,0.0001643,0.00134993,0.00139746,0.00131847,0.001277137,0.00540238,0.01526596,0.002440507,0.0033442,0.00536412,0.0037908,0.00074337,0.00338221,0.00205243,0.006260967,0.004771419,0.00146565,0.00137022,0.001927166,0.000833125,0.002272142,0.00307566,0.00298882,0.002987
C[T>A]A,1.13E-05,0.003902425,0.001223415,0.004461725,0.008834968,0.00597143,0.00584829,0.00400513,0.00148606,0.00228686,0.000355,0.00563873,0,0.001881786,0.0131032,0.00767451,0.006432695,0.01270651,0.00209648,0.00320906,0.00227787,0.00052783,0.00144684,0.006141433,0.005444062,0.00223496,0.00471254,0.000700158,0.002597217,0.002382808,0.00186568,0.00446905,0.00183768
C[T>A]C,0.001145968,0.001909,0.001192522,0.001593319,0.007203541,0.00598597,0.00456705,0.00103818,0.00118108,0.00319685,0,0.00057703,0.00105989,0.002612326,0.00753301,0.00623857,0.003907001,0.01155909,0.00203188,0.00846436,0.0009348,0.00270824,0.00206579,0.007498197,0.004069404,0.00199106,0.00227055,0.00127141,0.002142104,0.002703053,0.00582275,0.00517696,0.00602176
C[T>A]G,0.000522771,0.002286539,0.000952161,0.000978865,0.004679572,0.0205527,0.00797048,0.00067396,0.00193654,0.00047119,0.00339639,0.00161644,0.00154201,0.004072249,0.01702534,0.01372739,0.009332812,0.02586489,0.00076685,0.00363581,0.00300845,0.00099007,0.00467903,0.004940599,0.011100345,0.00167019,0.00129086,0.000764642,0.004204246,0.005561764,0.00251201,0.00436529,0.00361218
C[T>A]T,0.001087218,0.00175502,0.00126079,0.002264441,0.008472618,0.00118829,0.00464722,0.00097151,0.00115533,0.00093461,0.00081617,0.00076984,0.00076214,0.000457643,0.00562002,0.00927759,0.003015564,0.00641304,0.002593,0.00306469,0.00081617,0.00089911,0.00176604,0.003967981,0.006123521,0.00192733,0.00309971,0.000339332,0.001807812,0.00181692,0.00188164,0.00291762,0.00203611
G[T>A]A,0.00219091,0.002967244,0.000244412,9.27E-05,0.005395932,0.00279903,0.0051515,0.00124845,0.00211768,0.00148017,0.00012015,0.00019561,0,0.001115499,0.00668272,0.00569496,0.002082664,0.0062014,0.00190219,0.00103597,0.00075516,0.00347943,0.00090192,0.003359589,0.00332171,0.00109967,0.00116807,0.001373536,0.000778833,0.001373978,0.00145639,0.00140585,0.00069655
G[T>A]C,0.001895398,0.001029346,0.000734476,0.000210647,0.002655097,0.00195501,0.001454,0.00099992,0.00143441,0.00190925,0.00098787,0.00040391,0.00054249,0.001538802,0.00631831,0.00282395,0.003359356,0.0063091,0.00203648,0.00361665,0.00046631,0.00258094,0.00002964,0.00469624,0.001905834,0.00115023,0.00071344,0.001471356,0.000774404,2.16E-09,0.00283665,0.00262116,0.00159191
G[T>A]G,0.001308183,0.001589216,0.000349396,0.000464143,0.002160344,0.00956901,0.00403296,0.00153821,0.00080458,0.00197131,0.00251163,0.00203418,0.00109173,0.002155768,0.00856303,0.00325994,0.006070651,0.00910849,0.00285624,0.00194491,0.00136188,0.00206189,0.0036867,0.00464452,0.007039869,0.00064537,0.00092395,0.00104397,0.002262739,0.003184821,0.00177004,0.00191668,0.00270686
G[T>A]T,0.002529682,0.000243629,0.001013006,0.000362818,0.003708054,0.0011408,0.00252419,0.00128705,0.00149344,0.00076231,0.00073579,0.00068983,0.00019523,0.000657498,0.00344015,0.00884167,0.0029133,0.00436691,0.00174777,0.00139419,0.00151771,0.00180601,0.00154668,0.00324133,0.000621005,0.00133484,0.00095118,0.001000631,0.002006565,0.001886498,0.00159846,0.0009636,0.00184804
T[T>A]A,0.000637606,0.002522876,0.000858473,0.001868483,0.015773128,0.00367191,0.00396614,0.00398641,0.00069203,0.00140384,0.00133675,0.00067794,0.00035235,0.000600086,0.00571344,0.01895493,0.009087293,0.00586039,0.00296773,0.00327398,0.00073579,0.00478812,0.0018848,0.005719787,0.003901133,0.00369912,0.00284726,0.001413804,0.001408973,0.002432521,0.0034111,0.00239161,0.0020267
T[T>A]C,0.001211103,0.001455027,0.000691573,0.000899188,0.003189722,0.00175115,0.00314095,0.00069974,0.00064103,0.00062144,0.00000001,0.00023189,0.00038651,0.000574807,0.00448052,0.00345386,0.003356526,0.00493499,0.00115518,0.0018535,0.00016511,0.0023208,0.00116265,0.002717878,0.002202453,0.00093828,0.00146684,0.001058512,0.000328513,0.001115616,0.00116394,0.00139621,0.00218191
T[T>A]G,0.000154159,0.001589367,0.001177289,0.0027198,0.002721773,0.00357781,0.00208843,0.00139036,0.0007477,0.00022031,0.00125037,0.00081585,0,0.001043118,0.00537467,0.00339875,0.003665094,0.00871413,0.00121328,0.00174898,0.00052806,0.00086673,0.00101839,0.001829185,0.003093699,0.00123264,0.00249366,0.001148861,0.000492907,0.000553609,0.00109736,0.00109048,0.00217333
T[T>A]T,0.001296575,0.000688339,0.001554516,0.000793627,0.009416701,0.00046205,0.00488853,0.00117725,0.00102752,0.00033206,0.00051265,0.00032306,0,0.0002134,0.00276262,0.02755861,0.003460165,0.0038531,0.00236867,0.0017,0.00071195,0.00035561,0.00037241,0.004725632,0.002707186,0.0026398,0.00151569,9.69E-05,0.00103577,0.000828219,0.00135405,0.00097697,0.00105428
A[T>C]A,0.051247056,0.049260478,0.016515914,0.016108428,0.000854214,0.01803578,0.00707338,0.01430219,0.04627155,0.02992234,0.00847093,0.00748819,0.01526361,0.011496455,0.01184591,0.01145673,0.019050303,0.00985629,0.00924767,0.00589477,0.01104882,0.01526721,0.01301083,0.011665579,0.016085075,0.01619598,0.02357314,0.012722492,0.00924475,0.014482068,0.00980811,0.00916078,0.00662324
A[T>C]C,0.021012558,0.015204941,0.013715464,0.028339947,0.004992565,0.00922012,0.00977236,0.0108865,0.01410458,0.02211611,0.01198797,0.00758329,0.01367901,0.006088543,0.00983756,0.00495729,0.012289142,0.00869316,0.01469619,0.0046826,0.00759539,0.01706572,0.00793853,0.011927803,0.00950124,0.01054486,0.02698199,0.010570934,0.00679925,0.008734212,0.00797086,0.00671648,0.00533075
A[T>C]G,0.04021959,0.042368756,0.025607121,0.012994713,0.008428252,0.00643316,0.00583897,0.00428708,0.04935704,0.02865386,0.00737647,0.01316227,0.01024393,0.01084828,0.00957535,0.00274389,0.01186621,0.01336074,0.01070252,0.00463954,0.00713891,0.01776052,0.00772647,0.007977906,0.011103068,0.02474667,0.0179059,0.010630609,0.005410374,0.009206705,0.00876001,0.00638216,0.00379706
A[T>C]T,0.039329481,0.031101921,0.008162911,0.015170988,0.002149913,0.01045697,0.00645343,0.01404833,0.02010127,0.01600175,0.00728949,0.00936742,0.0058486,0.006039433,0.00930991,0.00603705,0.020682603,0.00906341,0.00612368,0.00378694,0.00621503,0.0103553,0.00816446,0.006263004,0.012965192,0.00864496,0.02038113,0.006613363,0.005090508,0.010402747,0.00606209,0.00600668,0.00365596
C[T>C]A,0.019691519,0.066618252,0.001695005,0.007651452,0.023885962,0.03713319,0.00667719,0.10442517,0.01207489,0.04906551,0.0298044,0.02472506,0.03489699,0.025129092,0.01349958,0.01164061,0.011802975,0.01360836,0.00593991,0.00387766,0.01243112,0.01320501,0.01336914,0.006928485,0.023300067,0.00972471,0.01490861,0.015059067,0.006625047,0.016043516,0.00856582,0.0097179,0.00431769
C[T>C]C,0.012644101,0.017844656,0.006220252,0.017944493,0.007800885,0.01204186,0.01429652,0.0380739,0.00863314,0.0335522,0.02122645,0.00589436,0.02389758,0.020276801,0.01379722,0.00720361,0.014215173,0.01184766,0.00918752,0.00811415,0.004796,0.01587943,0.00482025,0.012793258,0.009597677,0.00572177,0.01775069,0.009366461,0.003943632,0.006083751,0.00819888,0.00997966,0.00523231
C[T>C]G,0.013823754,0.037995085,0.008011492,0.012038848,0.021017914,0.00868359,0.00759477,0.0292221,0.03226782,0.03351765,0.03387559,0.01677216,0.02681171,0.034550807,0.01067256,0.0045321,0.012554475,0.01772561,0.01126073,0.00541403,0.0076087,0.0133788,0.00822447,0.009899401,0.014562962,0.01239121,0.01453289,0.00990397,0.005916285,0.00924044,0.00808691,0.00757481,0.00454263
C[T>C]T,0.032034723,0.031036967,0.003800484,0.005614819,0.017300909,0.00951359,0.01022949,0.03056082,0.02309072,0.02579842,0.00839741,0.00419359,0.01564471,0.008698494,0.00887126,0.00679606,0.015954914,0.01296875,0.00381309,0.0049136,0.00574531,0.01090876,0.0082546,0.006186329,0.015992938,0.00847465,0.01377588,0.007112996,0.004314438,0.010581423,0.00628174,0.00729395,0.00447552
G[T>C]A,0.026899163,0.051013159,0.010901022,0.036903715,0.022886572,0.02276996,0.01238019,0.03761616,0.03273893,0.04935141,0.01851363,0.02014531,0.03552195,0.044482085,0.01989247,0.01663396,0.024042934,0.00827417,0.0221273,0.00647805,0.01524449,0.01882166,0.01793594,0.015267458,0.028706036,0.01556827,0.03617642,0.018664806,0.013616268,0.01540762,0.01169343,0.0103078,0.00970169
G[T>C]C,0.018933308,0.0211298,0.00540881,0.060388396,0.0129935,0.02329054,0.02102373,0.0241099,0.02651262,0.0491199,0.0197474,0.01807329,0.02382861,0.035824705,0.02695943,0.01148818,0.026849375,0.00897269,0.02517976,0.01298198,0.00835948,0.01911222,0.01646085,0.015952531,0.025738136,0.00245483,0.05385948,0.0109401,0.011054437,0.015049536,0.01163357,0.01263909,0.01551604
G[T>C]G,0.036159022,0.040181833,0.013440995,0.038514452,0.028285757,0.0154752,0.01675068,0.02019168,0.06365519,0.06613165,0.02586679,0.01265768,0.03204123,0.058731535,0.01852938,0.00927024,0.025665964,0.01952129,0.02163813,0.00659015,0.00860097,0.02399055,0.01389841,0.013186072,0.029993474,0.01727051,0.03948442,0.012391677,0.009186725,0.014111152,0.01173835,0.00761704,0.007767
G[T>C]T,0.046823839,0.027390747,0.010842092,0.03648338,0.004321139,0.01420376,0.01740949,0.02252654,0.04240017,0.03083907,0.01482565,0.01082466,0.0222295,0.022016751,0.01207269,0.0123356,0.024829273,0.01405151,0.00895894,0.00551332,0.01161249,0.01384745,0.01743098,0.005497693,0.031227752,0.00887705,0.03910793,0.014046622,0.010042298,0.014800435,0.00775384,0.01034182,0.00902981
T[T>C]A,0.041465668,0.077370919,0.007611856,0.007573652,0.022643728,0.00831561,0.01151344,0.06522494,0.05194591,0.03962027,0.01339738,0.0117061,0.00951485,0.008633189,0.00961245,0.00955887,0.021235616,0.0090873,0.00731573,0.00310927,0.01040539,0.01006131,0.00863695,0.008466498,0.009700047,0.01562639,0.02047779,0.010848778,0.007517824,0.009858221,0.00674516,0.00697879,0.00355713
T[T>C]C,0.01506905,0.011162384,0.00337658,0.028365239,0.00351316,0.01024904,0.00737637,0.01939761,0.01207028,0.01329971,0.01410974,0.01049279,0.00872955,0.004498143,0.00859777,0.00423512,0.009035764,0.00468437,0.01137622,0.00665423,0.00407396,0.01497884,0.00771836,0.009648641,0.010551482,0.00150118,0.02651419,0.007379025,0.005076933,0.008223135,0.00990716,0.00443525,0.00607251
T[T>C]G,0.023312498,0.033235321,0.010746931,0.015180391,0.015836133,0.006193,0.0068174,0.02472468,0.04565072,0.01910711,0.01473984,0.00591646,0.00997488,0.009000496,0.00758124,0.00484495,0.012202975,0.00913559,0.00974855,0.00455551,0.00372122,0.01056762,0.00564257,0.008837541,0.012382394,0.01370414,0.01779363,0.007031301,0.002674446,0.006229962,0.0059155,0.00474,0.00423678
T[T>C]T,0.041360056,0.022180014,0.003796807,0.008615585,0.001555978,0.00531318,0.00463468,0.0192811,0.02713224,0.01285995,0.00731771,0.00417312,0.00892439,0.003333038,0.00552535,0.00478191,0.007313588,0.00807133,0.00211913,0.00366532,0.00502302,0.00688337,0.00555931,0.004554068,0.010825078,0.00478628,0.01561167,0.006463715,0.003232807,0.006155905,0.00462261,0.00511286,0.00403821
A[T>G]A,0.005375307,0.002999511,0.001067692,0.001274666,0.007408099,0.00281213,0.0034348,0.00171231,0.00327049,0.00205639,0.00660663,0.00149061,0.00129198,0.000348453,0.00378645,0.00379804,0.003180888,0.00149672,0.00114335,0.00086148,0.00253022,0.00309326,0.00470408,0.001397634,0.00218987,0.00216336,0.00308967,0.003110596,0.001547819,0.005158782,0.00166125,0.00189935,0.00194215
A[T>G]C,0.002159745,0.00113263,0.003324322,0.006381267,0.008306927,0.00759996,0.00711101,0.00122313,0.00211831,0.00424881,0.00358135,0.00188545,0.00069683,0.000776987,0.00613282,0.01343622,0.002147353,0.00216548,0.00255247,0.00252715,0.00588503,0.00458792,0.00351575,0.00239039,0.002693439,0.00385942,0.00585087,0.004539396,0.005872236,0.004357163,0.00417577,0.00348531,0.0022943
A[T>G]G,0.002792328,0.003240045,0.001936935,0.002686924,0.008531185,0.00124202,0.002951,0.00180559,0.00282318,0.00073616,0.00560371,0.00168657,0.00110065,0.000406602,0.00348583,0.00115687,0.003480458,0.0019623,0.0017244,0.00154619,0.00189088,0.00241633,0.00291975,0.00301147,0.001311037,0.00323443,0.00325974,0.00188008,0.002446148,0.002491364,0.00205965,0.00110559,0.00224875
A[T>G]T,0.002398436,0.001298761,0.001888857,0.003730071,0.008462562,0.00185028,0.00170875,0.00290683,0.00029353,0.00037859,0.00639765,0.00152747,0.00084486,0.000206925,0.0019738,0.00596206,0.002469397,0.00145416,0.00150275,0.00205055,0.00267658,0.00151612,0.00092784,0.002446129,0.001266778,0.00277984,0.00403643,0.002606684,0.001509558,0.00157552,0.0019086,0.00312922,0.00104355
C[T>G]A,0.007040941,0.011171611,0.007405327,0.001432247,0.030518789,0.00493835,0.00775628,0.01112992,0.00573095,0.00854141,0.00558299,0.00468301,0.00226923,0.00116756,0.00513911,0.00350202,0.007276315,0.00491245,0.00060689,0.00100619,0.00199741,0.00114798,0.00359153,0.000668791,0.002111486,0.0132488,0.00421983,0.003486515,0.000925903,0.002201951,0.00134758,0.00108595,0.0024405
C[T>G]C,0.007932515,0.005197117,0.009606418,0.011508677,0.026680593,0.00701949,0.00284464,0.00216485,0.00775866,0.02489057,0.0177736,0.00690891,0.01117295,0.002447921,0.00547763,0.00148937,0.003329885,0.00529629,0.00391258,0.00148526,0.00195389,0.00177844,0.00179682,0.005669916,0.000610495,0.01387174,0.01124159,0.002611533,0.002071093,0.000818879,0.00199931,0.0005714,0.00207055
C[T>G]G,0.004402403,0.00605011,0.010075448,0.004761885,0.021455889,0.00520869,0.00426115,0.00270338,0.00808023,0.00843541,0.00345167,0.00454931,0.00509575,0.001867939,0.00404969,0.00252798,0.004476408,0.00463335,0.00235273,0.00371972,0.00287024,0.00115421,0.00196252,0.002146199,0.001300271,0.01413034,0.00472948,0.001857526,0.002701947,0.002492652,0.00092443,0.00863645,0.00109381
C[T>G]T,0.005998241,0.000205871,0.014156542,0.007851623,0.025962319,0.0040583,0.00248705,0.00251407,0.00763307,0.00413037,0.00263639,0.0028623,0.00118578,0.000308513,0.00443461,0.00571592,0.003716516,0.00244759,0.00116961,0.00194403,0.00014718,0.00155522,0.00217222,0.000983692,0.001373278,0.01686294,0.00724698,0.001292826,0.000371438,0.001354808,0.00151598,0.00111681,0.00206246
G[T>G]A,0.002962517,0.001436553,0.001969711,0.005342439,0.010942117,0.00438136,0.00663062,0.00524881,0.00207909,0.00255681,0.00428614,0.00191444,0.00078527,0.000352329,0.0041674,0.00641307,0.004802449,0.00239294,0.00193159,0.0021222,0.00320426,0.00695309,0.00370918,0.003477827,0.000436831,0.00366754,0.0053662,0.004871481,0.003172203,0.003293842,0.00366476,0.00232269,0.00259802
G[T>G]C,0.003587102,0.00127441,0.004285197,0.021973216,0.013794034,0.01297999,0.00521112,0.00233878,0.00616706,0.0062533,0.00289229,0.00584953,0.00456093,0.001075069,0.00828759,0.01710685,0.014160428,0.00363984,0.00437801,0.00476036,0.00529869,0.00447097,0.00720859,0.010649451,0.002076724,0.00483129,0.01852286,0.002599688,0.008166971,0.007051335,0.00416313,0.0056588,0.00592746
G[T>G]G,0.003155893,0.001205671,0.00636292,0.007757117,0.011818217,0.01234662,0.01089599,0.00579037,0.00391986,0.00344317,0.00974404,0.00404191,0.00854652,0.001135303,0.00845499,0.02733684,0.014609903,0.00372403,0.00419042,0.00147216,0.00377206,0.00509874,0.00244754,0.004037765,0.002417702,0.00771654,0.00615489,0.002997841,0.00364073,0.004254195,0.00361996,0.00174747,0.00129601
G[T>G]T,0.002618676,0.000567803,0.003636834,0.017205267,0.014890023,0.00653777,0.00547559,0.00499254,0.00138763,0.00108997,0.00296293,0.00324983,0.00148791,0.00034967,0.00593197,0.00925232,0.006236252,0.00128325,0.00352498,0.00363,0.00234977,0.00464793,0.00451318,0.005247182,0.001512316,0.004397,0.01506568,0.003553428,0.001849184,0.004960207,0.00398738,0.00353087,0.00327336
T[T>G]A,0.011507664,0.01399199,0.000426311,0.002003984,0.01477668,0.00244786,0.00371905,0.00953957,0.0014006,0.00483658,0.00258964,0.00749884,0.00414187,0.001099434,0.00179994,0.0057625,0.007630743,0.002411,0.00109353,0.00010015,0.00252079,0.00224059,0.00507921,0.0007898,0.00116342,0.00405288,0.00523806,0.003671942,0.001659761,0.004140601,0.00123343,0.00053996,0.00192729
T[T>G]C,0.005025338,0.003196748,0.002766927,0.006058844,0.013319814,0.00178508,0.00450602,0.00154277,0.00400402,0.00530805,0.00248825,0.00696796,0.00538663,0.001220142,0.00262269,0.00253518,0.002102854,0.00201101,0.00263588,0.00184238,0.00226258,0.00216211,0.00294329,0.000295658,0.003274193,0.00405478,0.00748423,0.002620763,0.002614075,0.001942113,0.00239628,0.00108514,0.00264438
T[T>G]G,0.006460462,0.003564264,0.003052113,0.003958016,0.010266544,0.00319468,0.00464928,0.00709838,0.00283241,0.00290052,0.00170985,0.00412289,0.00284352,0.001105954,0.00484142,0.00200915,0.00432564,0.00248719,0.00281427,0.00310792,0.00255729,0.00391011,0.0033863,0.002652124,0.003228384,0.00495893,0.00470451,0.004094577,0.001640763,0.00323908,0.00331968,0.00354283,0.00261514
T[T>G]T,0.006822894,0.002313066,0.000710603,0.008204859,0.011183553,0.00198622,0.00452186,0.0033942,0.00194059,0.001176,0.00296069,0.0019677,0.00250311,0.000488081,0.0019471,0.01124529,0.005163605,0.00174989,0.00133939,0.00106947,0.00197635,0.0010751,0.00210114,0.000890522,0.0018526,0.00151086,0.00965788,0.002495014,0.001407563,0.001467812,0.00129786,0.00106835,0.00188305