Substitution,M_abscessus_DCCs,M_abscessus_environmental,M_tuberculosis_lineage1,M_tuberculosis_lineage2,M_tuberculosis_lineage3,M_tuberculosis_lineage4,M_tuberculosis_lineage5,M_tuberculosis_lineage6,M_tuberculosis_lineage7,M_tuberculosis_orygis,M_tuberculosis_caprae,M_tuberculosis_bovis,M_canettii,M_leprae,M_avium,M_intracellulare,M_chimaera,M_kansasii_non_MKMC,M_kansasii_MKMC,B_cenocepacia_ECs,B_pseudomallei_group1,B_pseudomallei_group2,B_pseudomallei_group3,B_pseudomallei_group4,B_pseudomallei_group5
A[C>A]A,0.008677079,0.002441044,0.007205883,0.00550606,0.005692272,0.006085672,0.007364212,0.00849835,0.012630748,0.002397443,0.003261725,0.00462474,0.002575086,0.009695129,0.003830643,0.00306957,0.006885041,0.005800341,0.010648256,0.008110544,0.00077257,0.001359261,0.001931323,0.002479664,0.002490791
A[C>A]C,0.013215859,0.002077512,0.008053634,0.005831071,0.007445952,0.006085672,0.008097301,0.00849835,0.006512729,0.004395312,0.00719829,0.004768763,0.002399226,0.014834716,0.002074646,0.002196274,0.00521594,0.003866894,0.007722911,0.00570742,0.001894636,0.00368866,0.004482126,0.003437495,0.003708884
A[C>A]G,0.015084768,0.002822949,0.011049021,0.009081176,0.010809568,0.008087997,0.009330223,0.012788779,0.010065127,0.00319659,0.007423237,0.005408865,0.003718173,0.014717907,0.003131671,0.002932711,0.005633215,0.004380466,0.010297215,0.004205467,0.001821058,0.001527169,0.001032468,0.001278729,0.00169273
A[C>A]T,0.015218262,0.001874092,0.006909171,0.004703093,0.005951012,0.00624306,0.007464179,0.006023102,0.006512729,0.00213106,0.00922281,0.004032645,0.003529752,0.007826189,0.002052375,0.002159344,0.005633215,0.003277797,0.007137842,0.011114449,0.000754176,0.003182269,0.001481895,0.002110146,0.002394183
C[C>A]A,0.00720865,0.00353164,0.004528403,0.003441288,0.003449862,0.004590485,0.004565145,0.005693069,0.005525952,0.001864678,0.002249466,0.002592415,0.003529752,0.004905969,0.00431547,0.004279585,0.00521594,0.005452925,0.005031594,0.009011715,0.002630417,0.004466903,0.004433539,0.004837776,0.005292405
C[C>A]C,0.005873715,0.003987039,0.005891869,0.00518105,0.006066007,0.006575323,0.00553149,0.008415842,0.008288928,0.002797017,0.003711618,0.003392543,0.003806102,0.006891718,0.004005386,0.003597458,0.004902984,0.003534583,0.005733677,0.001501953,0.003311015,0.007278707,0.009620173,0.008430859,0.007514376
C[C>A]G,0.007876118,0.005565843,0.011670705,0.006117845,0.00825092,0.006645274,0.008397201,0.009570957,0.01124926,0.004395312,0.004273985,0.003584574,0.003994523,0.006307674,0.004258935,0.004535926,0.004902984,0.004954458,0.006084718,0.00600781,0.003973218,0.002052217,0.002684417,0.001935111,0.002074959
C[C>A]T,0.006407689,0.003879423,0.007509661,0.00342217,0.006525989,0.00390847,0.004731756,0.007920792,0.005723308,0.001331913,0.004386458,0.003552568,0.004182944,0.003737881,0.003431475,0.003336773,0.003651158,0.005211244,0.004212497,0.000901172,0.003605327,0.003784608,0.002988084,0.003651427,0.003284652
G[C>A]A,0.00453878,0.002920066,0.00630868,0.006920812,0.006066007,0.006496629,0.007997334,0.006023102,0.006710085,0.005327651,0.005511191,0.003616579,0.003931716,0.007358953,0.003957418,0.003788628,0.005737534,0.004259626,0.004446525,0.003604686,0.001931425,0.001375252,0.001858443,0.001322488,0.001738933
G[C>A]C,0.004138299,0.002607718,0.004747406,0.005372233,0.005462282,0.005491094,0.006997667,0.006683168,0.008091573,0.004395312,0.003824092,0.003696591,0.002763507,0.007942997,0.003102547,0.002839298,0.003651158,0.002673595,0.003627428,0.004205467,0.002391288,0.002390699,0.002818031,0.002149042,0.00235218
G[C>A]G,0.008410092,0.003900421,0.008251443,0.008163499,0.007963431,0.008227898,0.00973009,0.009983498,0.011051904,0.006393181,0.005961084,0.006913106,0.004069892,0.010629599,0.00354797,0.003267257,0.004590027,0.00400284,0.005148608,0.005407029,0.002464866,0.001183356,0.001202522,0.001220384,0.001079483
G[C>A]T,0.00453878,0.002161505,0.004761535,0.004339846,0.004628565,0.003864751,0.005998001,0.00709571,0.006710085,0.002530634,0.002811832,0.002576412,0.003102664,0.008877468,0.002568038,0.002380927,0.003129564,0.003443953,0.004446525,0.002403124,0.002225738,0.001521839,0.001323988,0.001521833,0.001075282
T[C>A]A,0.009344547,0.002304556,0.004690889,0.004664857,0.00474356,0.004564254,0.006297901,0.00470297,0.003749753,0.003862547,0.001687099,0.00393663,0.002386665,0.008410232,0.002287079,0.002241894,0.002295014,0.003383532,0.004680552,0.005106639,0.000754176,0.001004787,0.000789534,0.001147453,0.000940872
T[C>A]C,0.005873715,0.002199565,0.004641437,0.004894276,0.0050023,0.004844055,0.005131623,0.004867987,0.005131241,0.002264251,0.002924305,0.001760282,0.002348981,0.008059806,0.001774842,0.001729213,0.005424578,0.002915276,0.005148608,0.005106639,0.001618718,0.003502095,0.00278159,0.002965873,0.002289175
T[C>A]G,0.006941663,0.002444981,0.007382498,0.004511911,0.00600851,0.00462546,0.005864712,0.004785479,0.006118019,0.004395312,0.002249466,0.002544407,0.002663015,0.01156407,0.001673765,0.001763971,0.003755477,0.002764225,0.006201732,0.003003905,0.000901332,0.000927495,0.000704508,0.000850865,0.000533441
T[C>A]T,0.008009612,0.002002706,0.006414649,0.005678125,0.005864765,0.004424353,0.006564479,0.005858086,0.009473061,0.00426212,0.004498932,0.00462474,0.003178033,0.010162364,0.002021538,0.002537338,0.003129564,0.004395571,0.008542008,0.007209372,0.001802664,0.001892304,0.001287548,0.001390557,0.00078966
A[C>G]A,0.007475637,0.004357133,0.003376875,0.003460406,0.003909844,0.004739129,0.003398867,0.00470297,0.002368265,0.006259989,0.003261725,0.003616579,0.00450954,0.004555543,0.007712681,0.007327432,0.005424578,0.005800341,0.002925345,0.003304296,0.00292473,0.002161491,0.001518335,0.001667696,0.001755734
A[C>G]C,0.008543586,0.003115612,0.005559834,0.007245823,0.007733441,0.007126182,0.005764745,0.007013201,0.007104796,0.006526372,0.002586886,0.005408865,0.003718173,0.008877468,0.005752817,0.00507902,0.006885041,0.005060194,0.005616663,0.006308201,0.002556839,0.005799512,0.004700766,0.003967463,0.004011307
A[C>G]G,0.007075157,0.005105195,0.003708911,0.004932513,0.004226081,0.0052725,0.004331889,0.005858086,0.001776199,0.005594033,0.003374199,0.004368699,0.005527013,0.004555543,0.007693836,0.00754467,0.006259128,0.006676435,0.007020828,0.004806248,0.002372894,0.001902965,0.001396869,0.002304629,0.002196768
A[C>G]T,0.00680817,0.003475207,0.005835353,0.006978167,0.005721021,0.006662761,0.007197601,0.006683168,0.006512729,0.009856153,0.004611405,0.004176668,0.005439084,0.004672351,0.004089331,0.003495357,0.005633215,0.005392505,0.00585069,0.009312106,0.000993304,0.002422682,0.001809856,0.002640113,0.002394183
C[C>G]A,0.006274196,0.008274615,0.006329874,0.008010553,0.008653404,0.008437749,0.008297234,0.005280528,0.004933886,0.006393181,0.007648184,0.005136822,0.008014169,0.003971499,0.016395015,0.016974963,0.015126226,0.010377173,0.008073953,0.007209372,0.007118681,0.005820833,0.007737437,0.007069474,0.006258479
C[C>G]C,0.008677079,0.007554113,0.01003172,0.009559133,0.010378335,0.01126199,0.009496834,0.004620462,0.002368265,0.008790623,0.009447756,0.005712914,0.007247924,0.008760659,0.015824531,0.015549883,0.014604632,0.010769905,0.005733677,0.016221087,0.010595247,0.011900193,0.01479466,0.01218439,0.010631014
C[C>G]G,0.01174743,0.009821922,0.006633651,0.007914962,0.008020929,0.007773221,0.007497501,0.00470297,0.00473653,0.005860416,0.005061298,0.004976796,0.009483852,0.004672351,0.016305931,0.017266062,0.013352806,0.010286543,0.008659022,0.009612496,0.006438084,0.003168943,0.003595418,0.002975597,0.003776089
C[C>G]T,0.005339741,0.006350652,0.00847751,0.008889993,0.008567157,0.009766803,0.009330223,0.00470297,0.002960332,0.010388918,0.002699359,0.004944791,0.006871082,0.003037028,0.01172492,0.012347798,0.010849155,0.011661103,0.011467353,0.00570742,0.006493268,0.006289912,0.005745381,0.004784294,0.005141194
G[C>G]A,0.006274196,0.0038558,0.003899655,0.003708944,0.005577277,0.005298731,0.003798734,0.003052805,0.004539175,0.006526372,0.003824092,0.004112658,0.004459295,0.006074057,0.006683067,0.007379569,0.005424578,0.005936287,0.003159373,0.002403124,0.001066882,0.002308078,0.001554775,0.002401871,0.001491114
G[C>G]C,0.006541183,0.004134026,0.005100635,0.005314878,0.008365915,0.006208084,0.006364545,0.006765677,0.003355042,0.004794885,0.004723878,0.005824932,0.004723084,0.006541292,0.007661286,0.008133384,0.009284373,0.006389439,0.006552773,0.006308201,0.003770878,0.003736634,0.004105579,0.003422909,0.003738286
G[C>G]G,0.005873715,0.004265265,0.003730104,0.005104577,0.006727231,0.005150087,0.004731756,0.004785479,0.003355042,0.004661694,0.003599145,0.003664586,0.004270874,0.010980026,0.00813926,0.007787976,0.006363447,0.005543555,0.005499649,0.004505858,0.002207343,0.001791026,0.001724829,0.001516971,0.001738933
G[C>G]T,0.008410092,0.003097239,0.004888697,0.007111995,0.00600851,0.00605944,0.005998001,0.002805281,0.007302151,0.003329782,0.003486672,0.00406465,0.004823575,0.001868941,0.006196528,0.006271656,0.00865846,0.006374333,0.005733677,0.006908982,0.001048488,0.002593256,0.00227143,0.002343526,0.001663327
T[C>G]A,0.007876118,0.006366401,0.00492402,0.005276641,0.005836017,0.00559602,0.005364878,0.00709571,0.00473653,0.003862547,0.007085817,0.004016643,0.00612996,0.008994276,0.012011019,0.011613534,0.010640517,0.0053774,0.009244091,0.002703515,0.002060187,0.002041556,0.000935295,0.001546144,0.00143651
T[C>G]C,0.009211053,0.004519869,0.006379326,0.004798685,0.005836017,0.007650808,0.007764079,0.00379538,0.006710085,0.003995738,0.003824092,0.004400704,0.005803364,0.005373204,0.00837739,0.008391897,0.009701648,0.007567633,0.006435759,0.006908982,0.003347804,0.004533534,0.003279605,0.004618983,0.004263327
T[C>G]G,0.007609131,0.005922813,0.004111592,0.004014836,0.005721021,0.005482351,0.005731423,0.003630363,0.003157687,0.003862547,0.004611405,0.004656745,0.005866171,0.007125336,0.010369804,0.009519361,0.008971417,0.006963431,0.007956939,0.003003905,0.001876242,0.001351265,0.001214668,0.001162039,0.001545718
T[C>G]T,0.005740222,0.004277077,0.006132065,0.007914962,0.008337167,0.008770012,0.007097634,0.005858086,0.001578843,0.008657432,0.009110336,0.006673068,0.005263224,0.002803411,0.008257469,0.009760495,0.008136866,0.007250427,0.004563538,0.00570742,0.002703995,0.002937069,0.000498014,0.001628799,0.002125363
A[C>T]A,0.021091977,0.020552017,0.036213096,0.025809659,0.030646274,0.031626256,0.034788404,0.040676568,0.027629761,0.01798082,0.026206276,0.027956473,0.015915286,0.021376007,0.017145383,0.015084994,0.017212602,0.018956845,0.017903113,0.019525383,0.025366051,0.014477458,0.012996951,0.014503605,0.010601612
A[C>T]C,0.017754639,0.015123975,0.024605972,0.022005124,0.025183993,0.022602674,0.024758414,0.030115512,0.017761989,0.016648908,0.021144978,0.019539126,0.011707219,0.021259199,0.014032557,0.013323196,0.016899645,0.013549235,0.014509712,0.02943827,0.030590096,0.031420241,0.030330268,0.030689493,0.028490782
A[C>T]G,0.028834602,0.027022097,0.040734435,0.025886132,0.034326127,0.032010982,0.038287238,0.046617162,0.025656207,0.02424081,0.028568215,0.030484878,0.021605597,0.030487093,0.024301285,0.01931027,0.01648237,0.025618174,0.020126375,0.019525383,0.023728938,0.010796793,0.010045307,0.009675553,0.00940452
A[C>T]T,0.026965692,0.020074307,0.027919266,0.02458609,0.022222861,0.023284689,0.025558147,0.036551155,0.014604302,0.018646777,0.012034642,0.017970875,0.018942582,0.024179418,0.025130458,0.024222017,0.015439182,0.023503467,0.014977767,0.027635927,0.037175337,0.019128261,0.01681101,0.022560083,0.01971631
C[C>T]A,0.018422107,0.015860225,0.033288355,0.021030092,0.02900759,0.025558072,0.033788737,0.044966997,0.020130255,0.023708045,0.023394444,0.02525204,0.013440691,0.027917299,0.008750861,0.006903818,0.012831212,0.012899718,0.018839223,0.014118354,0.005260834,0.03399484,0.033403379,0.036353824,0.031552817
C[C>T]C,0.019356561,0.014865434,0.02490975,0.023247811,0.025097746,0.023232226,0.025658114,0.022194719,0.017959345,0.015183804,0.018783039,0.021779485,0.009848133,0.040532648,0.01158958,0.008485309,0.013144169,0.012552301,0.019307278,0.022829679,0.016591862,0.058397565,0.065069783,0.06208885,0.051466542
C[C>T]G,0.02576425,0.020436527,0.035386539,0.024203724,0.029841306,0.028487238,0.030289903,0.033910891,0.019340833,0.024374001,0.021707345,0.028196511,0.015161602,0.035977105,0.011834563,0.009508499,0.015543501,0.014334698,0.018254154,0.021327726,0.015800898,0.016822848,0.01706609,0.017493789,0.013945068
C[C>T]T,0.016152717,0.021948399,0.031098332,0.022291898,0.027311408,0.027848942,0.031922692,0.032343234,0.027827117,0.018913159,0.020807558,0.021635462,0.01910588,0.04228478,0.019701429,0.017867811,0.013561444,0.021902331,0.019073251,0.032742565,0.025881098,0.033264571,0.033342646,0.034729887,0.03029272
G[C>T]A,0.018689094,0.017172615,0.027036192,0.02347723,0.024264029,0.023118557,0.024225258,0.027557756,0.020919676,0.019445924,0.023394444,0.026980317,0.013151779,0.029669431,0.012749394,0.009832184,0.017108283,0.014002387,0.019541306,0.024932412,0.010521669,0.011769597,0.010288241,0.012359425,0.008602259
G[C>T]C,0.021225471,0.014715822,0.023454444,0.022559553,0.025270239,0.023205995,0.023558814,0.024339934,0.019735544,0.017581247,0.019570352,0.022083533,0.011606728,0.037962855,0.012254289,0.010549069,0.013770081,0.011887679,0.016381933,0.026434365,0.014605253,0.0184433,0.018815213,0.017955687,0.01670888
G[C>T]G,0.022827393,0.021524498,0.031486885,0.027320002,0.028892594,0.026974564,0.030189937,0.030280528,0.026248273,0.031566329,0.032617253,0.033717395,0.020374581,0.041700736,0.01800368,0.015121925,0.015230545,0.018805794,0.022700679,0.025533193,0.01666544,0.010101172,0.008830639,0.009568587,0.008539254
G[C>T]T,0.018021626,0.019805268,0.024923879,0.024719917,0.022596596,0.024727413,0.023558814,0.025082508,0.022103809,0.020111881,0.019682825,0.019267083,0.021304124,0.036327532,0.022685767,0.021022104,0.013665763,0.01900216,0.016967002,0.025533193,0.022496505,0.015639492,0.013810779,0.014877986,0.013953469
T[C>T]A,0.017621145,0.012549067,0.029431088,0.018181471,0.024522769,0.023721878,0.026624459,0.025165017,0.017169923,0.016249334,0.020807558,0.0243719,0.012159429,0.026982829,0.009227122,0.008085592,0.012935531,0.009606815,0.014275685,0.02343046,0.011165477,0.008917815,0.008441945,0.010886213,0.008064618
T[C>T]C,0.013349353,0.011749822,0.021214968,0.018525599,0.0200092,0.017846057,0.020493169,0.023844884,0.019340833,0.018247203,0.01675852,0.018338934,0.01099122,0.030837519,0.012081259,0.011037854,0.016691008,0.011359002,0.023519775,0.030639832,0.022220587,0.027465059,0.029212773,0.029454522,0.028700798
T[C>T]G,0.018956081,0.015131849,0.031267882,0.01797117,0.023775299,0.023144788,0.025724758,0.027475248,0.015788435,0.021710176,0.017320886,0.024467915,0.014822445,0.034224974,0.010186495,0.008765546,0.014187357,0.011283477,0.017318044,0.024331631,0.012912957,0.007691816,0.006049048,0.008056478,0.006409691
T[C>T]T,0.013082366,0.014806377,0.023581607,0.022119833,0.020986661,0.021474726,0.015494835,0.021617162,0.014209591,0.012919552,0.014509054,0.022355577,0.015274655,0.037729237,0.021279257,0.019142997,0.015752139,0.018987055,0.011116312,0.019825774,0.023434626,0.015975309,0.012693284,0.016594303,0.01423489
A[T>A]A,0.004672273,0.001754665,0.001787342,0.002982449,0.004513569,0.002212177,0.001032989,0,0.003157687,0.00426212,0.001799573,0.001536246,0.006356065,0,0.002809595,0.003764731,0,0.005996707,0.004095483,0.003003905,0.000717387,0.000719609,0.002575097,0.000564002,0.001537318
A[T>A]C,0.003203845,0.000888488,0.001250433,0.001777999,0.002271159,0.001276592,0.001266245,0.001980198,0.00217091,0.000932339,0.002361939,0.001856297,0.001783718,0.001518514,0.001385953,0.001442459,0.00344252,0.001963657,0.002340276,0.002403124,0.001269222,0.000594343,0.000437281,0.000573726,0.000798061
A[T>A]G,0.006407689,0.001231021,0.000939591,0.001032386,0.000718721,0.000865634,0.001132956,0.001237624,0,0.000665956,0.001687099,0.000880141,0.001796279,0.001284897,0.000931963,0.001522837,0.003233883,0.001918342,0.00245729,0.006308201,0.002023398,0.000836878,0.000607334,0.000724451,0.001318901
A[T>A]T,0.005339741,0.000968543,0.001497693,0.002294192,0.001149954,0.000795684,0.002332556,0.000825083,0,0.001331913,0.001124733,0.00131221,0.002411788,0.001752132,0.002616007,0.00226579,0.005633215,0.004350256,0.00245729,0.003304296,0.00117725,0.000652978,0.001287548,0.001346798,0.000537641
C[T>A]A,0.001601922,0.00260903,0.003157872,0.004110427,0.002414903,0.002325846,0.003632123,0.000990099,0.002368265,0.004928077,0.002811832,0.004336694,0.003806102,0,0.001218062,0.001637973,0.007406635,0.004320046,0.01076527,0,0.001655507,0.003283547,0.003534685,0.003700048,0.002633602
C[T>A]C,0.003070351,0.001311077,0.002140571,0.002198601,0.001782429,0.002299614,0.002065978,0.001485149,0,0.004928077,0.002586886,0.001888302,0.003529752,0.001401705,0.001579541,0.001931244,0.002816608,0.003156957,0.006435759,0.005106639,0.000993304,0.000983465,0.001068908,0.000860589,0.001407108
C[T>A]G,0.002803364,0.001536808,0.001427047,0.001414752,0.001868675,0.001643831,0.001866045,0.000990099,0.000592066,0.00319659,0.00101226,0.001216195,0.00243691,0.00093447,0.001041606,0.001118775,0.003755477,0.002431914,0.003744442,0.007509763,0.00174748,0.000906174,0.001457602,0.001269005,0.000957673
C[T>A]T,0.004271793,0.00138982,0.002352509,0.002580966,0.002127415,0.002561928,0.001366211,0.001732673,0.002762976,0.006526372,0.001574626,0.002544407,0.003077541,0.002452984,0.001630936,0.00191821,0.003859796,0.004320046,0.007839925,0.003003905,0.001048488,0.001218004,0.000850268,0.001113418,0.000718255
G[T>A]A,0.003470832,0.001704794,0.001165658,0.001472106,0.00149494,0.00129408,0,0.000742574,0.001776199,0.001198721,0.002024519,0.000848136,0.004270874,0.00093447,0.002468675,0.002267963,0.004694346,0.002900171,0.006552773,0.001501953,0.00211537,0.001377917,0.000971735,0.001901076,0.001591922
G[T>A]C,0.001334935,0.001194274,0.000897203,0.001108859,0.000718721,0.001285336,0.001299567,0.00049505,0.000592066,0.001465104,0.00067484,0.000672108,0.001218455,0.00093447,0.001521293,0.001766143,0.001877738,0.002205338,0.001872221,0.006308201,0.00117725,0.001503182,0.001433309,0.000977279,0.000562843
G[T>A]G,0.001868909,0.001234958,0.000621684,0.000707376,0.000574977,0.000918097,0.000666445,0.000907591,0.001184133,0.001997869,0.00067484,0.000736118,0.001720911,0.00093447,0.001106706,0.001577147,0.002295014,0.00128393,0.002574304,0.003003905,0.000790965,0.001039435,0.001093202,0.001896214,0.001297899
G[T>A]T,0.002402883,0.000963294,0.001222174,0.001338279,0.000804968,0.00143398,0.001232922,0.001155116,0.000986777,0.000665956,0.001124733,0.000992159,0.000879298,0.001752132,0.002060941,0.002078966,0.004902984,0.002703805,0.004797566,0.000901172,0.001508351,0.001340604,0.001676242,0.001132866,0.001453311
T[T>A]A,0.003470832,0.001627363,0.002606834,0.002485375,0.003766099,0.003707363,0.00613129,0.002227723,0.005328597,0.003596164,0.009110336,0.002144343,0.006318381,0,0.001471611,0.003050019,0.009493011,0.003987735,0.010297215,0,0.00077257,0.002124178,0.001020321,0.00244563,0.005460418
T[T>A]C,0.001468429,0.001115531,0.001285756,0.001395633,0.000977461,0.001162923,0.000333222,0.000825083,0.000986777,0.003329782,0.001687099,0.001040166,0.001670665,0.000700853,0.001339697,0.001312116,0.002503651,0.002326179,0.002574304,0.004205467,0.000515047,0.000642317,0.001105348,0.000364657,0.000848465
T[T>A]G,0.002936858,0.001160152,0.001801471,0.001644171,0.001034959,0.001399005,0.0014995,0.00189769,0.003749753,0.00319659,0.002136992,0.002288366,0.001947016,0.000584044,0.000627019,0.000851572,0.00177342,0.001072459,0.001989235,0.006908982,0.000551836,0.001393908,0.001907029,0.000724451,0.001003877
T[T>A]T,0.002669871,0.000846491,0.00284703,0.001644171,0.000919963,0.003523744,0.001432856,0,0.006512729,0.003063399,0.001237206,0.001600256,0.003291085,0.00093447,0.001651494,0.002048553,0.004902984,0.003247587,0.004680552,0.001802343,0.001011699,0.001079413,0.001068908,0.001332212,0.001058481
A[T>C]A,0.015351755,0.043882363,0.017188151,0.018544718,0.017623045,0.02115995,0.014661779,0.023514851,0.006315374,0.034496537,0.032617253,0.019523124,0.036566217,0.023361757,0.044187736,0.041750937,0.018360108,0.036176608,0.021881582,0.014719135,0.045747186,0.023477895,0.018025678,0.023994399,0.027772527
A[T>C]C,0.01361634,0.017122744,0.016107269,0.020380071,0.011873275,0.013517885,0.01556148,0.01039604,0.011841326,0.018913159,0.025531436,0.024451912,0.014068761,0.015652377,0.019148076,0.018778037,0.011579387,0.015633733,0.010648256,0.015319916,0.013483187,0.012156054,0.009304359,0.010220107,0.013848461
A[T>C]G,0.015351755,0.03718524,0.028399658,0.020533017,0.018226771,0.020530398,0.021826058,0.020874587,0.025853562,0.020911028,0.024406703,0.019427108,0.033099273,0.012615349,0.0356613,0.037184598,0.027227206,0.030059061,0.024104844,0.015319916,0.048359208,0.018563235,0.01432094,0.01644844,0.020669783
A[T>C]T,0.011613937,0.028026075,0.012122839,0.014319581,0.0112408,0.010606206,0.010696435,0.013366337,0.014209591,0.016648908,0.020920031,0.018402944,0.026416611,0.008877468,0.033545538,0.033059252,0.018673065,0.022612268,0.016849988,0.015319916,0.02036274,0.014807944,0.018353639,0.015315574,0.017301125
C[T>C]A,0.020691496,0.042168382,0.009996397,0.01212098,0.013483211,0.011227015,0.01002999,0.012046205,0.012236037,0.018247203,0.01675852,0.012802048,0.047469507,0.005957248,0.023777055,0.023572476,0.045378677,0.037626694,0.026328107,0.020726945,0.014825988,0.07634247,0.070730137,0.071428919,0.081276226
C[T>C]C,0.018021626,0.015270962,0.00855522,0.015753451,0.006870975,0.009163482,0.006397867,0.009983498,0.003552398,0.008524241,0.015971207,0.014786366,0.014784761,0.015185142,0.013208523,0.012054527,0.01043188,0.013201819,0.012754505,0.00570742,0.009546759,0.028741698,0.02186403,0.029294074,0.031657825
C[T>C]G,0.017888132,0.027932895,0.01158593,0.016135816,0.01149954,0.013928843,0.012995668,0.014356436,0.008486284,0.013052744,0.0164211,0.012866059,0.027685312,0.009461512,0.016088358,0.017244338,0.023680367,0.023367521,0.024455886,0.022529288,0.032208815,0.030308845,0.027220717,0.02895859,0.032166064
C[T>C]T,0.013482846,0.027184833,0.009417101,0.01609758,0.007589696,0.008700062,0.011996001,0.002805281,0.020524965,0.012120405,0.012484535,0.010945751,0.025424261,0.00478916,0.027338731,0.029022973,0.017421239,0.024953552,0.022232623,0.010513668,0.024299169,0.025543438,0.032783898,0.027699309,0.031452009
G[T>C]A,0.020558003,0.041382261,0.016637113,0.029748021,0.023114075,0.023136044,0.018193935,0.025990099,0.019340833,0.032099094,0.02496907,0.030628901,0.039580952,0.008877468,0.02996673,0.027936784,0.020342166,0.030980469,0.030306576,0.018624211,0.032539916,0.038944148,0.032650285,0.030159525,0.038214527
G[T>C]C,0.029635563,0.022243687,0.013472176,0.020800673,0.016846826,0.018335709,0.015361546,0.012376238,0.022301164,0.036627597,0.046451468,0.047895663,0.018415003,0.011447261,0.020134861,0.019210341,0.020759441,0.019968884,0.016264919,0.026734755,0.025917887,0.025167642,0.020746535,0.023571397,0.026987067
G[T>C]G,0.026698705,0.038235151,0.019137979,0.027740603,0.027455152,0.026161393,0.021592802,0.020544554,0.029998026,0.025039957,0.036778765,0.034757561,0.034870429,0.010746408,0.033859047,0.035605279,0.033382015,0.032264399,0.025274982,0.031541003,0.062890884,0.033818936,0.030220948,0.032493327,0.035585126
G[T>C]T,0.020691496,0.029610128,0.01521713,0.019137384,0.018313017,0.018632997,0.015828057,0.017491749,0.012433393,0.041822056,0.03182994,0.03443751,0.026240752,0.013549819,0.040204621,0.037347526,0.02514083,0.02703805,0.013807629,0.025533193,0.0426753,0.027864842,0.033366939,0.024942506,0.031397405
T[T>C]A,0.021091977,0.055764736,0.016029558,0.016900547,0.021820377,0.017129067,0.017494169,0.008745875,0.010657194,0.051012254,0.018333146,0.016322612,0.056199676,0.009344703,0.03686737,0.045172433,0.031712915,0.042596257,0.033465949,0.052568339,0.054006328,0.054770205,0.066223718,0.072795165,0.059014521
T[T>C]C,0.007075157,0.0123089,0.006930364,0.010381218,0.00873965,0.009032326,0.006897701,0.008993399,0.009867772,0.020245072,0.025531436,0.023203713,0.010237536,0.008059806,0.013318166,0.013979254,0.013144169,0.010543329,0.008659022,0.010814058,0.012655434,0.01641507,0.022920791,0.015349608,0.017796763
T[T>C]G,0.0185556,0.028918499,0.013945504,0.017091729,0.017594296,0.014532164,0.01392869,0.010973597,0.015788435,0.01691529,0.014734001,0.016658665,0.025072542,0.008760659,0.020991444,0.024856351,0.025036512,0.020588191,0.020711444,0.012916792,0.046317416,0.032478332,0.032577405,0.030081732,0.029687874
T[T>C]T,0.017754639,0.02493146,0.006153259,0.010323863,0.006525989,0.009723084,0.008297234,0.006353135,0.00434182,0.015050613,0.011359802,0.0131221,0.019445038,0.008176615,0.029445927,0.035068701,0.014708951,0.019334471,0.010180201,0.005407029,0.029228901,0.019125596,0.034460141,0.020026936,0.022547327
A[T>G]A,0.003070351,0.003009309,0.001561275,0.002695675,0.003162374,0.002631878,0.003665445,0,0.006315374,0.006526372,0,0.002576412,0.00477333,0.005840439,0.004291485,0.005213708,0.001877738,0.00546803,0.004095483,0,0.003182253,0.003030351,0.001166082,0.002343526,0.001134087
A[T>G]C,0.003604325,0.00196071,0.003821944,0.004511911,0.00425483,0.004756617,0.004731756,0.004290429,0.010459838,0.005194459,0.004836351,0.005408865,0.003831225,0.004088307,0.00279589,0.002924021,0.004798665,0.002582965,0.003978469,0.002102734,0.00211537,0.001484526,0.001469749,0.00170173,0.001348303
A[T>G]G,0.004405286,0.00299881,0.002684545,0.003460406,0.003392364,0.003759826,0.002465845,0.00330033,0.009867772,0.002663825,0.003374199,0.002896463,0.004409049,0.001985749,0.002975772,0.003564873,0.003651158,0.00415389,0.006435759,0.002403124,0.002740784,0.002116182,0.001469749,0.00214418,0.002339579
A[T>G]T,0.001067948,0.001822909,0.002423155,0.003058922,0.00201242,0.004065858,0.003998667,0.003382838,0.006118019,0.002797017,0.006973344,0.003280525,0.003052419,0.002686602,0.002783898,0.00259382,0.005633215,0.004455991,0.004797566,0,0.000386285,0.002041556,0.002720857,0.002017766,0.002058158
C[T>G]A,0.00947804,0.009311402,0.010420273,0.013726915,0.009688362,0.01079857,0.011662779,0.001980198,0.009670416,0.008257858,0.004161512,0.004928789,0.012938236,0.003037028,0.007113072,0.010922718,0.013457125,0.017114028,0.01076527,0,0.006180561,0.01020778,0.011697256,0.009257413,0.007711791
C[T>G]C,0.007075157,0.007665666,0.010286045,0.01399457,0.016070607,0.015791268,0.011562812,0.007013201,0.028024472,0.013452318,0.009785176,0.010225636,0.010752553,0.001401705,0.008953015,0.009699669,0.011370749,0.009667236,0.008893049,0.006608591,0.007431388,0.004450912,0.003741178,0.003364564,0.003553472
C[T>G]G,0.005206247,0.006643315,0.00933939,0.014376936,0.014661914,0.012678482,0.00883039,0.005445545,0.011446615,0.008524241,0.005511191,0.005120819,0.009873256,0.002686602,0.00552154,0.007131918,0.005111621,0.00672175,0.006084718,0.008110544,0.008020013,0.004224369,0.00508946,0.004278636,0.004376735
C[T>G]T,0.006407689,0.004345321,0.012977655,0.015581386,0.015581877,0.017636206,0.008363879,0.007343234,0.019143477,0.011188066,0.009447756,0.007409185,0.007021819,0.006424483,0.00686295,0.007781459,0.015752139,0.007915049,0.007254856,0.009312106,0.00735781,0.003757956,0.004008406,0.003923704,0.004775766
G[T>G]A,0.004271793,0.002679899,0.002642157,0.005926662,0.003967341,0.005403657,0.002899034,0.004372937,0.014012236,0.001198721,0.006973344,0.003952632,0.003391576,0.001752132,0.002986051,0.003951556,0.005424578,0.003459058,0.008659022,0.003003905,0.00211537,0.004163069,0.003073111,0.004191119,0.004922777
G[T>G]C,0.007742624,0.00439388,0.005913063,0.012254808,0.008078427,0.010230224,0.010129957,0.006930693,0.01559108,0.013185935,0.014621527,0.015010402,0.004999435,0.003387455,0.005088108,0.004918264,0.005946172,0.004742987,0.008776036,0.01171523,0.005739092,0.00375529,0.003097404,0.003918842,0.002944426
G[T>G]G,0.008009612,0.003664191,0.005510381,0.009062058,0.006037259,0.009417052,0.007397534,0.004290429,0.013222814,0.003063399,0.003599145,0.006016963,0.003291085,0.002686602,0.003462312,0.004481616,0.004590027,0.003323112,0.010882284,0.007509763,0.00386285,0.005362416,0.004846527,0.005528193,0.00483037
G[T>G]T,0.012147911,0.002954188,0.0054468,0.010725347,0.00600851,0.008359055,0.008363879,0.007013201,0.012433393,0.01158764,0.012372062,0.012161946,0.004886382,0.00292022,0.004426825,0.003751697,0.006467765,0.004788303,0.008659022,0.002703515,0.001508351,0.003350178,0.00519878,0.003058253,0.00496478
T[T>G]A,0.003470832,0.008169624,0.00353936,0.003479524,0.004513569,0.004170784,0.006997667,0.004372937,0.010657194,0,0.006073558,0.005584894,0.017962793,0.001284897,0.01020534,0.012966926,0.015856457,0.011313687,0.012871519,0.006608591,0.00154514,0.006148655,0.005599621,0.006524921,0.009337315
T[T>G]C,0.004004806,0.003807242,0.003694781,0.005238405,0.004944802,0.005569788,0.004431856,0.004537954,0.03374778,0.008790623,0.006298504,0.005616899,0.006707784,0.009461512,0.005259425,0.005661218,0.006885041,0.005664396,0.005265621,0.005407029,0.003789272,0.002550612,0.00278159,0.001594765,0.002360581
T[T>G]G,0.005206247,0.004691792,0.003765427,0.006481092,0.004427323,0.005429888,0.005764745,0.003382838,0.006512729,0.000665956,0.004723878,0.004448712,0.004936628,0.000584044,0.005358789,0.006706132,0.00521594,0.006419649,0.005148608,0,0.003016702,0.005954094,0.005077314,0.005557365,0.005964457
T[T>G]T,0.00680817,0.003624819,0.002387832,0.007226704,0.003737351,0.004197015,0.002532489,0.004537954,0.015393724,0.003063399,0.005061298,0.007457193,0.005338592,0.004555543,0.006528882,0.005969695,0.008867098,0.007084271,0.005616663,0.003604686,0.002023398,0.002977047,0.005587474,0.002076111,0.002713408