Substitution,Enteritidis_ECA,Enteritidis_GEC,Enteritidis_WA,Paratyphi_A_A,Paratyphi_A_C,Paratyphi_A_F,Paratyphi_C,Typhi_2.3,Typhi_3.2,Typhi_4.3,Typhimurium_ST19_E1,Typhimurium_ST19_E2,Typhimurium_ST19_E3,Typhimurium_ST34,Typhimurium_ST313_E1,Typhimurium_ST313_E2,Typhimurium_ST313_E3,Typhimurium_ST313_I
A[C>A]A,0.0025627883136852894,0.004945286195286195,0.009554140127388535,0.007390120575651498,0.010590500641848523,0.0027808676307007787,0.005509641873278237,0.0036126325603076563,0.001668752607425949,0.010577705451586655,0.004849791189546006,0.007402533311399902,0.005505008028136708,0.009169702298706194,0.006457785218847166,0.007921663549345363,0.005204163330664532,0.009306654257794323
A[C>A]C,0.005638134290107637,0.005997474747474747,0.009264620729588882,0.004278490859587709,0.0035301668806161745,0.002224694104560623,0.005608028335301062,0.0036126325603076563,0.0012515644555694619,0.0,0.006466388252728008,0.009870044415199869,0.006804801590335653,0.007536741615374953,0.013154747668022004,0.005281109032896908,0.0040032025620496394,0.00953932061423918
A[C>A]G,0.006663249615581753,0.007575757575757576,0.007237984944991315,0.0038895371450797353,0.0019255455712451862,0.0033370411568409346,0.005411255411255411,0.0017480480130520918,0.0012515644555694619,0.0024410089503661514,0.0040414926579550045,0.006744530350386577,0.006957718480006116,0.007411129255118704,0.005740253527864147,0.003960831774672682,0.003602882305844676,0.006979990693345742
A[C>A]T,0.0030753459764223477,0.0017887205387205388,0.006658946149392009,0.011279657720731234,0.0038510911424903724,0.0,0.00678866587957497,0.0012819018762382007,0.006675010429703796,0.0040683482506102524,0.004445641923750505,0.006415528869879915,0.006804801590335653,0.009295314658962443,0.004066012915570438,0.004290901089228738,0.0,0.0025593299208934387
C[C>A]A,0.010763710917478216,0.005681818181818182,0.01563404748118124,0.003500583430571762,0.002888318356867779,0.0016685205784204673,0.005755608028335301,0.0017480480130520918,0.0,0.007323026851098454,0.005119224033409673,0.005510774798486593,0.004434589800443459,0.0038939831679437255,0.004066012915570438,0.005391132137748928,0.003602882305844676,0.007445323406235459
C[C>A]C,0.02255253716043055,0.004629629629629629,0.01679212507237985,0.0038895371450797353,0.004813863928112966,0.008342602892102336,0.008559622195985833,0.0010488288078312551,0.0037546933667083854,0.015459723352318959,0.004984507611477839,0.007320282941273236,0.006422509366159492,0.007285516894862455,0.008849557522123894,0.00924194080756959,0.01120896717373899,0.005351326198231736
C[C>A]G,0.018964633521271142,0.012836700336700337,0.016502605674580197,0.007001166861143524,0.006418485237483954,0.007230255839822024,0.007772530499803227,0.0025638037524764014,0.002920317062995411,0.009764035801464606,0.012932776505456016,0.008883039973679882,0.012615643397813289,0.007913578696143701,0.014828988280315715,0.010012102541533723,0.01721377101681345,0.00837598883201489
C[C>A]T,0.009738595592004101,0.007365319865319866,0.014765489287782282,0.0019447685725398677,0.003209242618741977,0.0027808676307007787,0.006198347107438017,0.001631511478848619,0.005840634125990822,0.011391375101708706,0.005388656877273339,0.007731534791906564,0.007492927593852741,0.010174601180756186,0.010523798134417603,0.01023214875123776,0.008807045636509208,0.017682643089809214
G[C>A]A,0.01486417221937468,0.011047979797979798,0.011870295309785756,0.003500583430571762,0.009627727856225931,0.005005561735261402,0.006247540338449429,0.003962242162918075,0.0012515644555694619,0.0024410089503661514,0.011046746598410347,0.00945879256456654,0.009863139383744935,0.007536741615374953,0.011480507055728294,0.012652657057982176,0.01921537229783827,0.011633317822242903
G[C>A]C,0.008200922603792926,0.007575757575757576,0.01013317892298784,0.0038895371450797353,0.0006418485237483953,0.00778642936596218,0.004574970484061393,0.0012819018762382007,0.0020859407592824365,0.0040683482506102524,0.00579280614306884,0.008307287382793222,0.008257512042205062,0.006029393292299962,0.009088734752451567,0.006711409395973154,0.008006405124099279,0.009306654257794323
G[C>A]G,0.015889287544848796,0.023148148148148147,0.016502605674580197,0.006223259432127577,0.008023106546854942,0.00778642936596218,0.011166863439590712,0.0048945344365458575,0.004171881518564873,0.009764035801464606,0.022093493196820694,0.02080934364204639,0.0238550347885924,0.016832056274337395,0.02654867256637168,0.020024205083067445,0.017614091273018415,0.02047463936714751
G[C>A]T,0.009226037929267043,0.010627104377104377,0.00781702374059062,0.005834305717619603,0.014441591784338896,0.010011123470522803,0.00747737111373475,0.0010488288078312551,0.005840634125990822,0.009764035801464606,0.011989761551933181,0.009623293304819872,0.011774600504625737,0.006531842733324959,0.007414494140157857,0.009682033226977665,0.010408326661329063,0.003257328990228013
T[C>A]A,0.005125576627370579,0.00968013468013468,0.01013317892298784,0.006223259432127577,0.00417201540436457,0.0033370411568409346,0.007969303423848878,0.003962242162918075,0.0050062578222778474,0.0024410089503661514,0.005388656877273339,0.007073531830893239,0.008639804266381222,0.006657455093581208,0.006457785218847166,0.004400924194080757,0.008406725380304243,0.010004653327128897
T[C>A]C,0.01486417221937468,0.005681818181818182,0.013317892298784018,0.013224426293271101,0.006739409499358151,0.002224694104560623,0.006887052341597796,0.0023307306840694556,0.0050062578222778474,0.009764035801464606,0.006466388252728008,0.00723803257114657,0.009480847159568774,0.006280618012812461,0.006696962449174839,0.007921663549345363,0.006405124099279423,0.011167985109353188
T[C>A]G,0.013839056893900564,0.016414141414141416,0.01360741169658367,0.0066122131466355505,0.007702182284980745,0.00389321468298109,0.007034632034632035,0.003845705628714602,0.004171881518564873,0.008136696501220505,0.01778256769500202,0.01167955255798651,0.012615643397813289,0.010677050621781183,0.012198038746711314,0.011992518428870063,0.011609287429943955,0.012796649604467194
T[C>A]T,0.011788826242952332,0.008312289562289563,0.01766068326577881,0.003500583430571762,0.010590500641848523,0.010567296996662959,0.010625737898465172,0.005710290175970167,0.001668752607425949,0.007323026851098454,0.006062238986932507,0.013242309590393157,0.012692101842648521,0.015199095591006155,0.010762975364745277,0.010782264275497855,0.012409927942353884,0.016519311307584925
A[C>G]A,0.0,0.0005260942760942761,0.0014475969889982628,0.0,0.0016046213093709885,0.0027808676307007787,0.0013282172373081465,0.0004661461368138912,0.0037546933667083854,0.0,0.0030984777044321702,0.004112518506333278,0.0024466702347274256,0.0016329606833312398,0.0,0.0024205083067444164,0.0016012810248198558,0.0020939972080037225
A[C>G]C,0.0035879036391594054,0.005260942760942761,0.004053271569195136,0.0015558148580318942,0.007060333761232349,0.002224694104560623,0.005952380952380952,0.00034960960261041835,0.0,0.0,0.01118146302034218,0.007073531830893239,0.007645844483523205,0.005778168571787464,0.004066012915570438,0.0068214325008251735,0.0068054443554843875,0.003257328990228013
A[C>G]G,0.0015376729882111738,0.004945286195286195,0.0037637521713954833,0.0038895371450797353,0.003209242618741977,0.0,0.0035911058638331364,0.00034960960261041835,0.0,0.0024410089503661514,0.005388656877273339,0.00427701924658661,0.002523128679562658,0.0033915337269187287,0.0007175316909830184,0.003960831774672682,0.00600480384307446,0.005583992554676594
A[C>G]T,0.0030753459764223477,0.0030513468013468013,0.006658946149392009,0.0,0.0019255455712451862,0.0033370411568409346,0.0024596615505706413,0.0,0.0020859407592824365,0.0040683482506102524,0.002290179172841169,0.004523770356966606,0.005046257359125316,0.005275719130762467,0.004066012915570438,0.0018703927824843217,0.008807045636509208,0.0025593299208934387
C[C>G]A,0.0,0.0003156565656565657,0.0017371163867979154,0.0,0.0,0.0,0.001426603699330972,0.00034960960261041835,0.0,0.0024410089503661514,0.000808298531591001,0.0013982562921533146,0.00022937533450569615,0.0010048988820499938,0.0014350633819660368,0.0018703927824843217,0.0024019215372297837,0.0013959981386691485
C[C>G]C,0.0,0.0005260942760942761,0.0028951939779965257,0.005834305717619603,0.004813863928112966,0.0,0.0018693427784336875,0.0,0.0,0.0,0.0012124477973865014,0.0007402533311399902,0.0006881260035170885,0.0022610224846124857,0.001195886151638364,0.0005501155242600946,0.0020016012810248197,0.0011633317822242904
C[C>G]G,0.0010251153254741158,0.0010521885521885522,0.002026635784597568,0.0019447685725398677,0.003209242618741977,0.0,0.0016725698543880363,0.0005826826710173639,0.002920317062995411,0.0,0.0006735821096591674,0.0015627570324066458,0.0018350026760455692,0.0006280618012812461,0.0,0.0011002310485201893,0.0020016012810248197,0.0011633317822242904
C[C>G]T,0.0,0.000946969696969697,0.0014475969889982628,0.0,0.0,0.0,0.0010822510822510823,0.0010488288078312551,0.0020859407592824365,0.0,0.0012124477973865014,0.0018095081427866426,0.0,0.0037683708076874764,0.0021525950729490554,0.0009902079436681704,0.0,0.0009306654257794323
G[C>G]A,0.0,0.0006313131313131314,0.0,0.003500583430571762,0.0,0.0016685205784204673,0.0012298307752853207,0.0006992192052208367,0.0,0.0024410089503661514,0.0004041492657955005,0.0006580029610133246,0.0008410428931875525,0.0006280618012812461,0.0007175316909830184,0.0008801848388161514,0.0,0.0
G[C>G]C,0.0010251153254741158,0.002735690235690236,0.003474232773595831,0.0019447685725398677,0.002246469833119384,0.0,0.002804014167650531,0.0008157557394243095,0.0008343763037129745,0.0016273393002441008,0.0026943284386366697,0.003701266655699951,0.0020643780105512655,0.0021354101243562366,0.004305190145898111,0.0022004620970403786,0.0028022417934347476,0.0025593299208934387
G[C>G]G,0.0025627883136852894,0.0012626262626262627,0.004632310364794441,0.004278490859587709,0.0012836970474967907,0.0,0.0015741833923652105,0.0,0.0,0.0016273393002441008,0.0025596120167048365,0.0022207599934199705,0.0010704182276932487,0.0010048988820499938,0.00047835446065534564,0.001320277258224227,0.0028022417934347476,0.00046533271288971617
G[C>G]T,0.0030753459764223477,0.0015782828282828283,0.0017371163867979154,0.0,0.0,0.0016685205784204673,0.0016725698543880363,0.0006992192052208367,0.0,0.0,0.002290179172841169,0.0025497614739266325,0.0012997935621989448,0.0010048988820499938,0.0026309495336044007,0.0025305314115964352,0.0012009607686148918,0.0013959981386691485
T[C>G]A,0.0030753459764223477,0.0003156565656565657,0.0017371163867979154,0.0011668611435239206,0.0,0.0,0.0024104683195592287,0.00034960960261041835,0.0012515644555694619,0.0,0.001616597063182002,0.0014805066622799803,0.0011468766725284808,0.0007536741615374953,0.0014350633819660368,0.0006601386291121135,0.0,0.002791996277338297
T[C>G]C,0.004100461301896463,0.0012626262626262627,0.0011580775911986102,0.0015558148580318942,0.0,0.0,0.0015741833923652105,0.0009322922736277824,0.001668752607425949,0.0,0.000538865687727334,0.0006580029610133246,0.0009175013380227846,0.0018841854038437382,0.0,0.0,0.0016012810248198558,0.0018613308515588647
T[C>G]G,0.0,0.0007365319865319865,0.0008685581933989577,0.0,0.0,0.0,0.0007870916961826052,0.0,0.0,0.0,0.0013471642193183348,0.0004935022207599934,0.0009939597828580167,0.0007536741615374953,0.0014350633819660368,0.0017603696776323028,0.0012009607686148918,0.0006979990693345743
T[C>G]T,0.0,0.0,0.0014475969889982628,0.0,0.0016046213093709885,0.0,0.0006395120031483668,0.0,0.0,0.0,0.0,0.0010692548116466524,0.0009939597828580167,0.0,0.0009567089213106913,0.002970623831004511,0.0,0.0020939972080037225
A[C>T]A,0.03587903639159405,0.03535353535353535,0.030978575564562825,0.03150525087514586,0.03979460847240052,0.052836484983314794,0.03541912632821724,0.028784523948257777,0.0392156862745098,0.03254678600488202,0.05213525528761956,0.04293469320611943,0.03754109641409894,0.04647657329481221,0.04281272422865343,0.04631972714269997,0.039631705364291434,0.031177291763610983
A[C>T]C,0.027678113787801127,0.0242003367003367,0.022872032426172553,0.035783741734733567,0.0410783055198973,0.03281423804226919,0.031385281385281384,0.02796876820883347,0.02920317062995411,0.022782750203417412,0.028694597871480532,0.024592860667873005,0.021026072329688814,0.027383494535862328,0.020569241808179862,0.02871603036637694,0.022017614091273018,0.028617961842717542
A[C>T]G,0.0292157867760123,0.03535353535353535,0.022872032426172553,0.029949436017113962,0.03498074454428755,0.026696329254727477,0.03192640692640693,0.03379559491900711,0.03087192323738006,0.05044751830756713,0.036104001077731374,0.041536436913966114,0.036088385962229526,0.034543399070468536,0.031093039942597465,0.03542743976235009,0.034027221777421936,0.0332712889716147
A[C>T]T,0.023577652485904665,0.01936026936026936,0.01823972206137811,0.013613380007779074,0.01668806161745828,0.01946607341490545,0.013872491145218418,0.023656916443304976,0.020442219440967878,0.013018714401952807,0.010507880910683012,0.01727257772659977,0.014832938298035017,0.016706443914081145,0.021047596268835206,0.018153812300583123,0.015612489991993595,0.015355979525360632
C[C>T]A,0.05740645822655049,0.054292929292929296,0.04111175448755067,0.06573317775184753,0.06418485237483953,0.07897664071190211,0.0559818968909878,0.09614264071786505,0.06633291614518148,0.0886899918633035,0.05132695675602856,0.050419476887645996,0.05222111782246349,0.042582590126868484,0.049270509447500596,0.048740235449444384,0.053242594075260205,0.04118194509073988
C[C>T]C,0.01998974884674526,0.027146464646464648,0.030978575564562825,0.044729677168416956,0.05295250320924262,0.04449388209121246,0.03930539157811885,0.051975294254748866,0.03128911138923655,0.03824247355573637,0.022632358884548027,0.03528540878433953,0.02569003746463797,0.03592513503328727,0.03228892609423583,0.030146330729453184,0.018815052041633307,0.026989297347603535
C[C>T]G,0.03690415171706817,0.04040404040404041,0.033294730746960044,0.034616880591209646,0.04910141206675225,0.059510567296996664,0.04348681621408894,0.06700850716699686,0.06341259908218606,0.05207485760781123,0.03489155328034487,0.03495640730383287,0.03723526263475801,0.03554829795251853,0.0298971537909591,0.03872813290791066,0.030824659727782224,0.034434620753839
C[C>T]T,0.037929267042542285,0.04450757575757576,0.03763752171395483,0.06301050175029171,0.05969191270860077,0.06896551724137931,0.05032467532467533,0.10733014800139844,0.07926574885273258,0.06265256305939788,0.03785531456284521,0.04482645171903273,0.045416316232127836,0.027509106896118577,0.03181057163358048,0.04797007371548025,0.051641313050440354,0.03629595160539786
G[C>T]A,0.01486417221937468,0.034827441077441075,0.03213665315576143,0.035783741734733567,0.02503209242618742,0.04505005561735261,0.03020464384100748,0.036009789068873095,0.03546099290780142,0.025223759153783564,0.040953792267277384,0.04022043099193946,0.03952901597981497,0.036678809194824774,0.038268356852427646,0.03883815601276268,0.036028823058446756,0.03001395998138669
G[C>T]C,0.02255253716043055,0.028514309764309763,0.02026635784597568,0.024115130299494362,0.034338896020539154,0.02502780867630701,0.02941755214482487,0.030299498892902926,0.03170629954109303,0.03173311635475997,0.019129731914320356,0.027060371771672972,0.024160868567933327,0.02713226981534983,0.027505381487682373,0.02651556826933656,0.021617293835068056,0.025127966496044672
G[C>T]G,0.04356740133264992,0.0382996632996633,0.034163288940359006,0.039673278879813305,0.025353016688061617,0.035038932146829814,0.041273120818575364,0.039272812026570326,0.03254067584480601,0.04231082180634662,0.047285464098073555,0.046800460602072706,0.040064225093661594,0.042582590126868484,0.038268356852427646,0.04004841016613489,0.03923138510808647,0.04048394602140531
G[C>T]T,0.018452075858534086,0.018413299663299663,0.019687319050376375,0.027226760015558148,0.022464698331193838,0.03225806451612903,0.019185360094451005,0.025288427922153595,0.03128911138923655,0.03498779495524817,0.02384480668193453,0.022125349564073037,0.024696077681779952,0.022861449566637358,0.017699115044247787,0.0244251292771482,0.014811849479583666,0.019776640297812936
T[C>T]A,0.032803690415171706,0.023463804713804715,0.017371163867979156,0.022559315441462467,0.025994865211810013,0.021690767519466074,0.02503935458480913,0.02540496445635707,0.0229453483521068,0.030105777054515868,0.03085006062238987,0.03043263694686626,0.02943650126156434,0.0324079889461123,0.028462090408993064,0.024755198591704258,0.03162530024019215,0.02536063285248953
T[C>T]C,0.025627883136852898,0.022306397306397305,0.02895193977996526,0.018280824581874758,0.03401797175866496,0.02614015572858732,0.0260724124360488,0.024356135648525814,0.028368794326241134,0.029292107404393815,0.027886299339889533,0.01801283105773976,0.02714274791650738,0.03027257882175606,0.03420234393685721,0.021014413026735613,0.032025620496397116,0.024895300139599813
T[C>T]G,0.018964633521271142,0.029671717171717172,0.02026635784597568,0.03733955659276546,0.021822849807445442,0.026696329254727477,0.03094254230617867,0.03402866798741405,0.019190654985398414,0.024410089503661515,0.03219722484170821,0.031830893239019574,0.03257129749980885,0.03391533726918729,0.02391772303276728,0.03179667730223347,0.04243394715772618,0.021637971149371802
T[C>T]T,0.007175807278318811,0.008838383838383838,0.012159814707585408,0.014780241151302996,0.010590500641848523,0.013348164627363738,0.015692640692640692,0.018296235869945228,0.024196912807676264,0.0032546786004882017,0.010238448066819346,0.013982562921533147,0.019879195657160332,0.017836955156387387,0.019134178426213823,0.02057432060732754,0.02842273819055244,0.013494648673801768
A[T>A]A,0.0020502306509482316,0.0007365319865319865,0.004053271569195136,0.0,0.0,0.0,0.0030499803227075953,0.0008157557394243095,0.004171881518564873,0.005695687550854353,0.0009430149535228344,0.0025497614739266325,0.0007645844483523206,0.005903780932043713,0.0007175316909830184,0.0018703927824843217,0.0,0.003257328990228013
A[T>A]C,0.0015376729882111738,0.002735690235690236,0.0052113491603937466,0.002333722287047841,0.0038510911424903724,0.0,0.006591892955529319,0.0019811210814590376,0.0,0.007323026851098454,0.0018860299070456688,0.003043263694686626,0.004969798914290083,0.0031403090064062306,0.00932791198277924,0.0034107162504125868,0.004403522818254604,0.003257328990228013
A[T>A]G,0.0,0.0003156565656565657,0.0037637521713954833,0.0011668611435239206,0.0,0.0,0.002066115702479339,0.0,0.0,0.0024410089503661514,0.0025596120167048365,0.002138509623293305,0.001452710451869409,0.0007536741615374953,0.0,0.0020904389921883597,0.0024019215372297837,0.0013959981386691485
A[T>A]T,0.0,0.0016835016835016834,0.004632310364794441,0.0,0.0009627727856225931,0.0,0.0011806375442739079,0.0020976576156625103,0.0012515644555694619,0.0,0.000808298531591001,0.0004935022207599934,0.0006881260035170885,0.0007536741615374953,0.0007175316909830184,0.00033006931455605677,0.0024019215372297837,0.0006979990693345743
C[T>A]A,0.0,0.006207912457912458,0.007237984944991315,0.0,0.0025673940949935813,0.004449388209121246,0.005608028335301062,0.003845705628714602,0.0,0.013018714401952807,0.003233194126364004,0.006004277019246587,0.004969798914290083,0.005903780932043713,0.005740253527864147,0.002640554516448454,0.0032025620496397116,0.0018613308515588647
C[T>A]C,0.0,0.0035774410774410776,0.011580775911986103,0.002333722287047841,0.0019255455712451862,0.0033370411568409346,0.0024596615505706413,0.0012819018762382007,0.0025031289111389237,0.0,0.0029637612825003366,0.004523770356966606,0.0021408364553864973,0.004647657329481221,0.006457785218847166,0.002970623831004511,0.0020016012810248197,0.0
C[T>A]G,0.006150691952844695,0.01494107744107744,0.01013317892298784,0.010890704006223259,0.011232349165596919,0.0027808676307007787,0.008116883116883116,0.00582682671017364,0.0020859407592824365,0.009764035801464606,0.01158561228613768,0.01019904589570653,0.008716262711216454,0.011681949503831177,0.005740253527864147,0.010892287380349874,0.010408326661329063,0.008841321544904607
C[T>A]T,0.0020502306509482316,0.0016835016835016834,0.007237984944991315,0.0015558148580318942,0.0,0.0,0.0023612750885478157,0.0009322922736277824,0.003337505214851898,0.0,0.0037720598140913377,0.002303010363546636,0.0012233351173637128,0.0018841854038437382,0.0,0.0022004620970403786,0.0,0.0
G[T>A]A,0.0046130189646335215,0.005260942760942761,0.0052113491603937466,0.0,0.002888318356867779,0.0,0.0036894923258559624,0.0015149749446451463,0.0,0.0,0.0017513134851138354,0.0014805066622799803,0.0026760455692331217,0.005275719130762467,0.0009567089213106913,0.0038508086698206623,0.0,0.0009306654257794323
G[T>A]C,0.0,0.001367845117845118,0.0037637521713954833,0.0,0.0,0.0,0.0022136953955135775,0.0013984384104416734,0.003337505214851898,0.006509357200976403,0.001077731375454668,0.000987004441519987,0.0012233351173637128,0.002889084285893732,0.0019134178426213825,0.001320277258224227,0.0016012810248198558,0.0
G[T>A]G,0.009226037929267043,0.008522727272727272,0.0052113491603937466,0.0054453520031116295,0.0,0.0027808676307007787,0.0023612750885478157,0.004544924833935439,0.0,0.010577705451586655,0.005253940455341506,0.0052640236881065965,0.004587506690113923,0.0036427584474312273,0.0,0.00517108592804489,0.005204163330664532,0.003024662633783155
G[T>A]T,0.0,0.0003156565656565657,0.0037637521713954833,0.0,0.0,0.0,0.0012790240062967337,0.00034960960261041835,0.0012515644555694619,0.0,0.000808298531591001,0.0008225037012666557,0.0022172949002217295,0.0007536741615374953,0.0007175316909830184,0.0006601386291121135,0.0024019215372297837,0.0
T[T>A]A,0.0020502306509482316,0.0026304713804713806,0.006079907353792704,0.0,0.005776636713735558,0.0,0.0035911058638331364,0.0027968768208833468,0.005840634125990822,0.005695687550854353,0.004176209079886839,0.0031255140648132917,0.0007645844483523206,0.0033915337269187287,0.004066012915570438,0.0023104852018923975,0.0028022417934347476,0.0016286644951140066
T[T>A]C,0.0046130189646335215,0.0016835016835016834,0.007237984944991315,0.002333722287047841,0.0,0.0,0.0019677292404565133,0.0010488288078312551,0.0,0.004882017900732303,0.0004041492657955005,0.0007402533311399902,0.0009175013380227846,0.0015073483230749905,0.0,0.001650346572780284,0.0024019215372297837,0.0006979990693345743
T[T>A]G,0.0020502306509482316,0.0023148148148148147,0.0031847133757961785,0.0,0.0035301668806161745,0.0,0.0021153089334907515,0.0,0.002920317062995411,0.005695687550854353,0.0014818806412501683,0.001151505181773318,0.0019114611208808012,0.0025122472051249843,0.0,0.0012102541533722082,0.0,0.0
T[T>A]T,0.0010251153254741158,0.001893939393939394,0.002026635784597568,0.0007779074290159471,0.0006418485237483953,0.0,0.0016233766233766235,0.0004661461368138912,0.002920317062995411,0.0,0.000538865687727334,0.0012337555518999836,0.0001529168896704641,0.0013817359628187414,0.0016742406122937097,0.0007701617339641324,0.0008006405124099279,0.00046533271288971617
A[T>C]A,0.014351614556637622,0.011574074074074073,0.01013317892298784,0.008556981719175419,0.0035301668806161745,0.006117908787541713,0.005952380952380952,0.010138678475702132,0.010012515644555695,0.011391375101708706,0.008756567425569177,0.01019904589570653,0.01078064072176772,0.00967215173973119,0.013154747668022004,0.012872703267686214,0.010808646917534028,0.012796649604467194
A[T>C]C,0.009226037929267043,0.007680976430976431,0.011001737116386797,0.007001166861143524,0.010590500641848523,0.01167964404894327,0.01077331759149941,0.0055937536417666935,0.0070921985815602835,0.004882017900732303,0.010238448066819346,0.009952294785326533,0.011239391390779112,0.00954653937947494,0.011480507055728294,0.0068214325008251735,0.008807045636509208,0.00860865518845975
A[T>C]G,0.006663249615581753,0.004208754208754209,0.004921829762594094,0.0066122131466355505,0.0054557124518613605,0.009454949944382647,0.0070838252656434475,0.0037291690945111295,0.014601585314977055,0.010577705451586655,0.008217701737841842,0.003948017766079948,0.005887300252312868,0.007285516894862455,0.008371203061468548,0.006601386291121136,0.008807045636509208,0.0037226617031177293
A[T>C]T,0.011276268580215274,0.013047138047138047,0.009843659525188187,0.005056398288603656,0.0019255455712451862,0.0055617352614015575,0.00816607634789453,0.00710872858641184,0.016270337922403004,0.007323026851098454,0.016570119897615518,0.01061029774633986,0.014221270739353161,0.007285516894862455,0.014350633819660369,0.01122235669490593,0.01921537229783827,0.024429967426710098
C[T>C]A,0.016914402870322913,0.020202020202020204,0.024319629415170817,0.02956048230260599,0.018934531450577663,0.018909899888765295,0.014020070838252656,0.016082041720079245,0.027117229870671673,0.013018714401952807,0.017513134851138354,0.01135055107747985,0.01682085786375105,0.014947870870493657,0.023200191341784263,0.014192980525910441,0.016012810248198558,0.01326198231735691
C[T>C]C,0.008713480266529985,0.008417508417508417,0.009843659525188187,0.020614546868922598,0.030166880616174584,0.012791991101223582,0.02036599763872491,0.013518237967602844,0.020859407592824362,0.008950366151342554,0.014818806412501684,0.01225530514887317,0.018197109870785228,0.009295314658962443,0.013154747668022004,0.01331279568709429,0.01321056845476381,0.008841321544904607
C[T>C]G,0.017939518195797026,0.010416666666666666,0.013028372900984365,0.012835472578763127,0.014762516046213094,0.01668520578420467,0.01323297914207005,0.014567066775434099,0.005840634125990822,0.009764035801464606,0.006735821096591674,0.006251028129626583,0.008333970487040293,0.010300213541012435,0.010762975364745277,0.006271316976565079,0.007606084867894315,0.00837598883201489
C[T>C]T,0.025115325474115838,0.02241161616161616,0.009554140127388535,0.01633605600933489,0.016046213093709884,0.01835372636262514,0.011166863439590712,0.014333993707027154,0.028368794326241134,0.009764035801464606,0.014414657146706183,0.012008554038493173,0.016056273415398732,0.006657455093581208,0.015068165510643387,0.01122235669490593,0.01120896717373899,0.04211261051651931
G[T>C]A,0.009226037929267043,0.019044612794612795,0.011870295309785756,0.034227926876701675,0.016367137355584083,0.02836484983314794,0.011658795749704841,0.022025404964456357,0.022110972048393827,0.010577705451586655,0.01118146302034218,0.014805066622799803,0.01338022784616561,0.015450320311518653,0.019851710117196844,0.017823742986027066,0.012409927942353884,0.015355979525360632
G[T>C]C,0.021527421834956432,0.01999158249158249,0.025477707006369428,0.056787242318164136,0.04011553273427471,0.05728587319243604,0.039010232192050374,0.029017597016664724,0.040884438881935756,0.02034174125305126,0.0289640307153442,0.029034380654712946,0.02263169967122869,0.03341288782816229,0.03181057163358048,0.026295522059632523,0.02121697357886309,0.022568636575151232
G[T>C]G,0.025115325474115838,0.008522727272727272,0.014186450492182976,0.022948269155970438,0.03080872913992298,0.03281423804226919,0.022530499803227078,0.026570329798391797,0.0196078431372549,0.013832384052074858,0.012663343661592347,0.012337555518999836,0.01345668629100084,0.013942971988443662,0.011241329825400622,0.015513257784134668,0.01521216973578863,0.017915309446254073
G[T>C]T,0.033828805740645826,0.02462121212121212,0.015344528083381586,0.023726176584986387,0.012836970474967908,0.02224694104560623,0.01913616686343959,0.023540379909101503,0.026700041718815185,0.004882017900732303,0.02276707530647986,0.017766079947359764,0.024313785457603793,0.015324707951262404,0.02654867256637168,0.024755198591704258,0.020416333066453164,0.050023266635644485
T[T>C]A,0.007175807278318811,0.00484006734006734,0.008106543138390272,0.007001166861143524,0.008023106546854942,0.008342602892102336,0.006493506493506494,0.008973313133667405,0.017521902377972465,0.008136696501220505,0.009295433113296512,0.009705543674946537,0.008716262711216454,0.01130511242306243,0.009088734752451567,0.011772472219166025,0.008406725380304243,0.007910656119125175
T[T>C]C,0.008200922603792926,0.006628787878787879,0.006369426751592357,0.012446518864255154,0.009306803594351733,0.008898776418242492,0.00974025974025974,0.006409509381191003,0.0037546933667083854,0.014646053702196907,0.009026000269432843,0.00649777924000658,0.008869179600886918,0.004396432608968722,0.010762975364745277,0.008691825283309494,0.008406725380304243,0.009771986970684038
T[T>C]G,0.007688364941055869,0.006944444444444444,0.004342790966994789,0.004278490859587709,0.010911424903722721,0.00389321468298109,0.009100747737111373,0.013285164899195899,0.00458906967042136,0.005695687550854353,0.0028290448605685034,0.004112518506333278,0.006804801590335653,0.0038939831679437255,0.00765367137048553,0.005391132137748928,0.007205764611689352,0.007445323406235459
T[T>C]T,0.0046130189646335215,0.0031565656565656565,0.0031847133757961785,0.008168028004667444,0.00834403080872914,0.00389321468298109,0.005263675718221172,0.003962242162918075,0.0037546933667083854,0.010577705451586655,0.007139970362387175,0.004359269616713275,0.005046257359125316,0.004270820248712473,0.0052618990672088015,0.0036307624601166245,0.004403522818254604,0.0072126570497906
A[T>G]A,0.0,0.0026304713804713806,0.0031847133757961785,0.0,0.002246469833119384,0.0,0.0023612750885478157,0.0,0.0,0.0024410089503661514,0.002290179172841169,0.0008225037012666557,0.0012997935621989448,0.0021354101243562366,0.002391772303276728,0.0011002310485201893,0.0028022417934347476,0.0
A[T>G]C,0.013326499231163505,0.01231060606060606,0.009264620729588882,0.007001166861143524,0.007702182284980745,0.0016685205784204673,0.007969303423848878,0.006642582449597949,0.00458906967042136,0.007323026851098454,0.009834298801023844,0.007896035532159895,0.007798761373193669,0.0067830674538374575,0.00597943075819182,0.009021894597865551,0.005604483586869495,0.009073987901349464
A[T>G]G,0.0015376729882111738,0.0017887205387205388,0.0008685581933989577,0.0027226760015558148,0.003209242618741977,0.0,0.002066115702479339,0.0011653653420347278,0.0,0.0,0.0013471642193183348,0.0026320118440532982,0.0022172949002217295,0.0038939831679437255,0.0031093039942597465,0.0017603696776323028,0.0012009607686148918,0.0013959981386691485
A[T>G]T,0.0,0.000946969696969697,0.0026056745801968733,0.0011668611435239206,0.0019255455712451862,0.0033370411568409346,0.0023612750885478157,0.0006992192052208367,0.0,0.004882017900732303,0.0004041492657955005,0.001727257772659977,0.0004587506690113923,0.0011305112423062428,0.0,0.0023104852018923975,0.0024019215372297837,0.0006979990693345743
C[T>G]A,0.008713480266529985,0.0026304713804713806,0.007237984944991315,0.0,0.0,0.0,0.0048209366391184574,0.0009322922736277824,0.0,0.0,0.003233194126364004,0.001974008883039974,0.003134796238244514,0.0010048988820499938,0.0,0.0017603696776323028,0.0,0.0
C[T>G]C,0.0030753459764223477,0.007891414141414142,0.006658946149392009,0.002333722287047841,0.0038510911424903724,0.0,0.003787878787878788,0.0025638037524764014,0.00917813934084272,0.0,0.009699582379092011,0.0032077644349399574,0.0038229222417616024,0.008667252857681195,0.0026309495336044007,0.008471779073605457,0.006405124099279423,0.0011633317822242904
C[T>G]G,0.0035879036391594054,0.003893097643097643,0.0014475969889982628,0.0019447685725398677,0.00417201540436457,0.0,0.0036402990948445494,0.0019811210814590376,0.002920317062995411,0.0016273393002441008,0.003906776236023171,0.001974008883039974,0.0036700053520911384,0.0026378595653812334,0.0028701267639320736,0.0018703927824843217,0.0028022417934347476,0.002791996277338297
C[T>G]T,0.004100461301896463,0.005155723905723906,0.0011580775911986102,0.0,0.0012836970474967907,0.002224694104560623,0.0015741833923652105,0.0013984384104416734,0.001668752607425949,0.009764035801464606,0.0026943284386366697,0.001974008883039974,0.0036700053520911384,0.0018841854038437382,0.0028701267639320736,0.0030806469358565297,0.0,0.0009306654257794323
G[T>G]A,0.0,0.004734848484848485,0.0014475969889982628,0.003500583430571762,0.0016046213093709885,0.0,0.002804014167650531,0.0020976576156625103,0.001668752607425949,0.0,0.0035026269702276708,0.0050172725777266,0.0023702117898921934,0.0037683708076874764,0.0021525950729490554,0.001430300363076246,0.003602882305844676,0.005118659841786877
G[T>G]C,0.021527421834956432,0.014204545454545454,0.012159814707585408,0.0066122131466355505,0.0054557124518613605,0.005005561735261402,0.00939590712317985,0.0052441440391562755,0.010429703796412181,0.0032546786004882017,0.009834298801023844,0.01431156440203981,0.009633764049239239,0.014319809069212411,0.014589811049988041,0.009792056331829684,0.016012810248198558,0.01326198231735691
G[T>G]G,0.015889287544848796,0.020728114478114477,0.00897510133178923,0.003500583430571762,0.005776636713735558,0.00778642936596218,0.009149940968122786,0.003962242162918075,0.0070921985815602835,0.007323026851098454,0.016704836319547355,0.014805066622799803,0.01116293294594388,0.018590629317924885,0.010284620904089931,0.009902079436681702,0.008406725380304243,0.02280130293159609
G[T>G]T,0.006663249615581753,0.013152356902356903,0.009554140127388535,0.009334889148191364,0.003209242618741977,0.0016685205784204673,0.003935458480913027,0.002214194149865983,0.004171881518564873,0.010577705451586655,0.009834298801023844,0.008883039973679882,0.007263552259347045,0.008416028137168697,0.006696962449174839,0.008361755968753439,0.006405124099279423,0.006514657980456026
T[T>G]A,0.0,0.0022095959595959595,0.0,0.0,0.0,0.0,0.003935458480913027,0.00034960960261041835,0.0,0.0024410089503661514,0.0013471642193183348,0.0013982562921533146,0.0018350026760455692,0.004647657329481221,0.0,0.0015403234679282648,0.0040032025620496394,0.002326663564448581
T[T>G]C,0.0046130189646335215,0.001999158249158249,0.0,0.0,0.0,0.0,0.005853994490358127,0.00034960960261041835,0.0012515644555694619,0.0,0.000808298531591001,0.0012337555518999836,0.0020643780105512655,0.0025122472051249843,0.0028701267639320736,0.001650346572780284,0.0024019215372297837,0.002791996277338297
T[T>G]G,0.0020502306509482316,0.0023148148148148147,0.002026635784597568,0.0015558148580318942,0.002246469833119384,0.0,0.003148366784730421,0.001631511478848619,0.0,0.0032546786004882017,0.0014818806412501683,0.001727257772659977,0.0021408364553864973,0.004270820248712473,0.0026309495336044007,0.001980415887336341,0.0028022417934347476,0.0016286644951140066
T[T>G]T,0.0025627883136852894,0.00242003367003367,0.002026635784597568,0.0007779074290159471,0.0016046213093709885,0.0,0.004033844942935852,0.0004661461368138912,0.005423445974134335,0.0,0.0,0.0012337555518999836,0.0018350026760455692,0.0016329606833312398,0.0009567089213106913,0.001650346572780284,0.0028022417934347476,0.0025593299208934387
