Substitution,Cluster2,Cluster5,Cluster6,Cluster7,Cluster8
A[C>A]A,0,0,0,0,0
A[C>A]C,0,0,0,0,0
A[C>A]G,0,0,0,0,0
A[C>A]T,0,0,0,0,0
C[C>A]A,0,0,0,0,0
C[C>A]C,0,0,0,0,0
C[C>A]G,0,0,0,0,0
C[C>A]T,0,0,0,0,0
G[C>A]A,0,0,0,0,0
G[C>A]C,0,0,0,0,0
G[C>A]G,0,0,0,0,0
G[C>A]T,0,0,0,0,0
T[C>A]A,0,0,0,0,0
T[C>A]C,0,0,0,0,0
T[C>A]G,0,0,0,0,0
T[C>A]T,0,0,0,0,0
A[C>G]A,0,0.000263834,0,0,6.27771E-05
A[C>G]C,0,0,0,0,0
A[C>G]G,0,0,0,0,0
A[C>G]T,0,0,0,0,0
C[C>G]A,0.000554749,0,0,2.25392E-05,0.000302129
C[C>G]C,0.000193579,0.002644914,0.004573141,0.001860381,0.000259076
C[C>G]G,0.003906369,0.004704785,0.012091474,0.005372661,0.003106088
C[C>G]T,0,0,0,0,0
G[C>G]A,0,0,0,0,0
G[C>G]C,0,0,0,0,0
G[C>G]G,0,0,0,0,0
G[C>G]T,0,0,0,0,0
T[C>G]A,0,0,0,0,0
T[C>G]C,0.000198851,0,0,0,0
T[C>G]G,0.004015364,0.003723458,0.003979045,0.003105138,0.001439088
T[C>G]T,0,0,0,0,0
A[C>T]A,0,0,0,0,0
A[C>T]C,0,0,0,0,0
A[C>T]G,0.032829924,0.058470486,0.029827965,0.027998181,0.040783216
A[C>T]T,0,0.0072436,0.005390826,0,0.00048772
C[C>T]A,0,0,0,0,0
C[C>T]C,0.040734524,0.024688114,0.013598419,0.037828866,0.019724776
C[C>T]G,0.219779701,0.191126678,0.24683509,0.201128505,0.185191129
C[C>T]T,0,0,0,0,0
G[C>T]A,0.030115861,0.029352025,0.032465127,0.020725028,0.028880115
G[C>T]C,0,0,0,0,0
G[C>T]G,0.183904023,0.176106095,0.124183375,0.163164525,0.165031085
G[C>T]T,0,0,0,0,0
T[C>T]A,0.001134282,0,0,0,0
T[C>T]C,0,0,0,0,0
T[C>T]G,0.078346854,0.082840183,0.11740611,0.066168756,0.069227171
T[C>T]T,0,0,0,0,0
A[T>A]A,0,0,0,0,0.000123469
A[T>A]C,0,0,0,0,0
A[T>A]G,0,0,0.000755097,0,0
A[T>A]T,0,0,0,0,0
C[T>A]A,0,0,0,0,0
C[T>A]C,0,0,0,0,0
C[T>A]G,0,0,0,0,0
C[T>A]T,0,0,0,0,0
G[T>A]A,0,0,0,0,0
G[T>A]C,0,0,0,0,0
G[T>A]G,0,0,0,0,0
G[T>A]T,0,0,0,0,0
T[T>A]A,0,0,0,0,0
T[T>A]C,0,0,0,0,0
T[T>A]G,0,0,0,0,0
T[T>A]T,0,0,0,0,0
A[T>C]A,0.00246524,6.01286E-05,0,0.000665115,0
A[T>C]C,0,0,0,0,0
A[T>C]G,0.012405028,0.011279932,0.016832279,0.015100495,0.017442608
A[T>C]T,0,0,0,0,0
C[T>C]A,0.017550234,0.016491056,0.022032812,0.029509074,0.028188253
C[T>C]C,0.024715703,0.036154098,0.030282931,0.028192491,0.033676631
C[T>C]G,0.075171739,0.081699277,0.083482729,0.089119706,0.089275709
C[T>C]T,0,0,0,0,0
G[T>C]A,0.054052607,0.064074122,0.054313571,0.060909034,0.060132582
G[T>C]C,0.044675047,0.048337927,0.03648271,0.048858362,0.055852115
G[T>C]G,0.12948827,0.120317842,0.129912665,0.152527759,0.158051077
G[T>C]T,0.032583912,0.028422116,0.025910713,0.034568061,0.032290708
T[T>C]A,0,0,0,0,0
T[T>C]C,0,0,0,0,0
T[T>C]G,0.011178138,0.01199933,0.009643921,0.013175322,0.010472479
T[T>C]T,0,0,0,0,0
A[T>G]A,0,0,0,0,0
A[T>G]C,0,0,0,0,0
A[T>G]G,0,0,0,0,0
A[T>G]T,0,0,0,0,0
C[T>G]A,0,0,0,0,0
C[T>G]C,0,0,0,0,0
C[T>G]G,0,0,0,0,0
C[T>G]T,0,0,0,0,0
G[T>G]A,0,0,0,0,0
G[T>G]C,0,0,0,0,0
G[T>G]G,0,0,0,0,0
G[T>G]T,0,0,0,0,0
T[T>G]A,0,0,0,0,0
T[T>G]C,0,0,0,0,0
T[T>G]G,0,0,0,0,0
T[T>G]T,0,0,0,0,0