Substitution,M_abscessus_nth,M_leprae_nth,COSMIC SBS30
A[C>A]A,0.004558776,0.002669039,0.001799681
A[C>A]C,0.003581895,0,0.00050591
A[C>A]G,0.003256268,0,9.13E-05
A[C>A]T,0.001953761,0,0.000555901
C[C>A]A,0.001628134,0,0.000767864
C[C>A]C,0.004233149,0.002224199,0.000387931
C[C>A]G,0.002605015,0,0.000406928
C[C>A]T,0.001302507,0,0.000296947
G[C>A]A,0.001628134,0.003113879,0.000942833
G[C>A]C,0.002930641,0,0.000493912
G[C>A]G,0.002279388,0,2.22E-16
G[C>A]T,0.001953761,0,0.000861847
T[C>A]A,0,0.004448399,0.000695877
T[C>A]C,0.001953761,0,0.000242957
T[C>A]G,0.002930641,0.002669039,8.26E-05
T[C>A]T,0.003581895,0.003558719,0.000664882
A[C>G]A,0.002930641,0,0.00106981
A[C>G]C,0.001628134,0,0.000466917
A[C>G]G,0.00097688,0,0.000130977
A[C>G]T,0,0,0.00073087
C[C>G]A,0,0,0.001269775
C[C>G]C,0.003256268,0,0.000792859
C[C>G]G,0.001628134,0.00133452,0.000119979
C[C>G]T,0.001302507,0,0.001019819
G[C>G]A,0,0.001779359,0.000514909
G[C>G]C,0.001953761,0,0.000255955
G[C>G]G,0.001628134,0.00133452,0.000116979
G[C>G]T,0.001953761,0,0.000398929
T[C>G]A,0.002279388,0,0.000126977
T[C>G]C,0.001953761,0,0.000985825
T[C>G]G,0.002279388,0.00133452,0.000105981
T[C>G]T,0.003581895,0,0.000108981
A[C>T]A,0.087267991,0.115658363,0.105981199
A[C>T]C,0.063171605,0.060053381,0.090383966
A[C>T]G,0.110061869,0.025355872,0.014397446
A[C>T]T,0.018235103,0.003113879,0.029294803
C[C>T]A,0.0267014,0.128113879,0.109980489
C[C>T]C,0.018886356,0.080516014,0.102981731
C[C>T]G,0.029632042,0.03024911,0.01679702
C[C>T]T,0.004558776,0.014234875,0.046191806
G[C>T]A,0.03907522,0.152580071,0.049691185
G[C>T]C,0.042005861,0.06183274,0.060989181
G[C>T]G,0.054054054,0.053825623,0.005239071
G[C>T]T,0.019211983,0.019572954,0.017696861
T[C>T]A,0.035167698,0.088967972,0.097982618
T[C>T]C,0.039400847,0.045818505,0.133976233
T[C>T]G,0.070986649,0.034252669,0.014697393
T[C>T]T,0.010420059,0.017348754,0.052490688
A[T>A]A,0,0,0.000362936
A[T>A]C,0,0,0.00039293
A[T>A]G,0,0,0.000637887
A[T>A]T,0.002605015,0,0.000489913
C[T>A]A,0.003907522,0,0.000213962
C[T>A]C,0,0,0.000776862
C[T>A]G,0.00097688,0,0.000586896
C[T>A]T,0,0,0.000611891
G[T>A]A,0,0,0.000328942
G[T>A]C,0,0,0.000181968
G[T>A]G,0,0,9.86E-05
G[T>A]T,0,0,0.000190966
T[T>A]A,0,0,0.00028195
T[T>A]C,0,0,0.000240957
T[T>A]G,0.002930641,0,0.000189966
T[T>A]T,0,0,0.000700876
A[T>C]A,0.011396939,0,0.000610892
A[T>C]C,0.008791924,0.007562278,0.000457919
A[T>C]G,0.029957669,0.002669039,0.000276951
A[T>C]T,0.005210029,0,0.000544903
C[T>C]A,0.023119505,0,0.001269775
C[T>C]C,0.007489417,0.019128114,0.001379755
C[T>C]G,0.010745685,0.001779359,0.001269775
C[T>C]T,0.008466298,0.003113879,0.004099273
G[T>C]A,0.014327581,0,0.000934834
G[T>C]C,0.009768805,0.001779359,0.000554902
G[T>C]G,0.011722566,0.003558719,0.000500911
G[T>C]T,0.017258222,0.002224199,0.000444921
T[T>C]A,0.033539564,0,0.000543904
T[T>C]C,0.00716379,0,0.000285949
T[T>C]G,0.016606968,0,0.000202964
T[T>C]T,0.006512537,0,0.000444921
A[T>G]A,0,0,3.90E-05
A[T>G]C,0,0,0.00010998
A[T>G]G,0,0,0.000409927
A[T>G]T,0,0,0.000793859
C[T>G]A,0,0,0.000197965
C[T>G]C,0,0,0.000214962
C[T>G]G,0.003256268,0,7.85E-05
C[T>G]T,0.003256268,0,0.000264953
G[T>G]A,0,0,0.000187967
G[T>G]C,0.000651254,0,0.000352937
G[T>G]G,0.000651254,0,0.001379755
G[T>G]T,0.002930641,0.002224199,0.000159972
T[T>G]A,0.016606968,0,0.000117979
T[T>G]C,0.002279388,0,9.64E-05
T[T>G]G,0.001302507,0,0.000812856
T[T>G]T,0,0,0.008888423