Substitution,Difference_in_spectra
A[C>A]A,0.006236034972198884
A[C>A]C,0.01113834669109615
A[C>A]G,0.012261818898662027
A[C>A]T,0.013344169923678116
C[C>A]A,0.003677010641832011
C[C>A]C,0.0018866762820288789
C[C>A]G,0.002310274778433914
C[C>A]T,0.0025282663109171054
G[C>A]A,0.0016187135672664252
G[C>A]C,0.0015305816556775674
G[C>A]G,0.00450967096479049
G[C>A]T,0.0023772746110884177
T[C>A]A,0.007039991092332927
T[C>A]C,0.0036741505756025016
T[C>A]G,0.004496681971819233
T[C>A]T,0.006006905387002614
A[C>G]A,0.0031185047923302147
A[C>G]C,0.005427973321159952
A[C>G]G,0.001969962286609576
A[C>G]T,0.0033329628071544193
C[C>G]A,-0.002000419145027274
C[C>G]C,0.0011229660678208839
C[C>G]G,0.0019255083604221759
C[C>G]T,-0.0010109110380877306
G[C>G]A,0.0024183957936382092
G[C>G]C,0.0024071563027415538
G[C>G]G,0.0016084497400042034
G[C>G]T,0.005312853246484365
T[C>G]A,0.0015097172754383855
T[C>G]C,0.004691184345364895
T[C>G]G,0.0016863178243308394
T[C>G]T,0.0014631447102976362
A[C>T]A,0.0005399598310644564
A[C>T]C,0.0026306640401437213
A[C>T]G,0.001812504822354167
A[C>T]T,0.006891384678979873
C[C>T]A,0.0025618812430777196
C[C>T]C,0.004491127048698924
C[C>T]G,0.005327723488532037
C[C>T]T,-0.005795682882323988
G[C>T]A,0.0015164789450327447
G[C>T]C,0.006509648792400789
G[C>T]G,0.001302895155659397
G[C>T]T,-0.0017836417172283417
T[C>T]A,0.005072078417657135
T[C>T]C,0.0015995307132551633
T[C>T]G,0.0038242314341247734
T[C>T]T,-0.0017240111320967685
A[T>A]A,0.002917608834896057
A[T>A]C,0.002315357024146124
A[T>A]G,0.005176668017548215
A[T>A]T,0.004371197682870733
C[T>A]A,-0.0010071077193877982
C[T>A]C,0.0017592741281484087
C[T>A]G,0.0012665561089626326
C[T>A]T,0.0028819724972741195
G[T>A]A,0.0017660379000885398
G[T>A]C,0.00014066094789267356
G[T>A]G,0.0006339509803243509
G[T>A]T,0.0014395896778592022
T[T>A]A,0.0018434688716897467
T[T>A]C,0.00035289783440706343
T[T>A]G,0.001776705377739293
T[T>A]T,0.0018233793810636194
A[T>C]A,-0.028530607228436363
A[T>C]C,-0.003506404231131067
A[T>C]G,-0.02183348437960655
A[T>C]T,-0.016412137827520486
C[T>C]A,-0.021476885715856018
C[T>C]C,0.002750663484164367
C[T>C]G,-0.010044762482220727
C[T>C]T,-0.013701986896804453
G[T>C]A,-0.020824258021265404
G[T>C]C,0.007391875596077114
G[T>C]G,-0.011536446186004093
G[T>C]T,-0.008918632033619603
T[T>C]A,-0.034672758796596245
T[T>C]C,-0.005233742851001009
T[T>C]G,-0.0103628992556296
T[T>C]T,-0.00717682156622609
A[T>G]A,6.104231031854937e-05
A[T>G]C,0.001643615502563815
A[T>G]G,0.0014064766807520353
A[T>G]T,-0.0007549606014892129
C[T>G]A,0.00016663788266229988
C[T>G]C,-0.0005905093336269424
C[T>G]G,-0.0014370673885173192
C[T>G]T,0.002062368091960691
G[T>G]A,0.0015918937670370628
G[T>G]C,0.0033487449416813916
G[T>G]G,0.004345420470949599
G[T>G]T,0.009193722401336505
T[T>G]A,-0.004698792033937648
T[T>G]C,0.00019756426496943778
T[T>G]G,0.0005144555737029285
T[T>G]T,0.003183350421348698
