Substitution,Signature_SBS1,Signature_SBS2,Signature_SBS3,Signature_SBS4,Signature_SBS5,Signature_SBS6,Signature_SBS7,Signature_SBS8,Signature_SBS9,Signature_SBS10,Signature_SBS11,Signature_SBS12,Signature_SBS13,Signature_SBS14,Signature_SBS15,Signature_SBS16,Signature_SBS17,Signature_SBS18,Signature_SBS19,Signature_SBS20,Signature_SBS21,Signature_SBS22,Signature_SBS23,Signature_SBS24
A[C>A]A,0.00291955,0.000729419,0.008084261,0.003588749,0.009725846,0.00285944,0.01041083,0.00445813,0,0.00413299,0.00341941,0.00246572,0.00089419,0.00473923,0.006909951,0.00664357,0.007657112,0.00321189,0.004581279,0.01834891,0.00572922,0.001509184,0.005988777,0.01530202
A[C>A]C,0.000939944,0.000648247,0.009007142,0.004478669,0.008275403,0.00752314,0.00575297,0.00059117,0.00636981,0.00444888,0.00279463,0.00453024,0.00190275,0.0030258,0.010612645,0.011308115,0.007186292,0.00416273,0.004691067,0.01153907,0.00620801,0.000563904,0.006097974,0.011689215
A[C>A]G,0.001471403,0.001111477,0.012715706,0.004561491,0.010751309,0.00215829,0.00756374,0.00333479,0.00076519,0.00503078,0.00317055,0.00122364,0.00201642,0.00702593,0.005903997,0.004952255,0.002070652,0.00520922,0.003625362,0.01196598,0.00560052,0.001434078,0.005967601,0.017366096
A[C>A]T,0.000773307,0.000955377,0.007447309,0.003940822,0.010234298,0.00035413,0.01472132,0.00310885,0.00165821,0.00412751,0.00194272,0.00328154,0.00103499,0.00427892,0.008148748,0.009751195,0.00919993,0.00172152,0.002538864,0.01158232,0.00349846,0.000993353,0.006115637,0.010059744
C[C>A]A,0.004574052,0.003027929,0.005166143,0.00155492,0.006175936,0.00633821,0.0063669,0.00256158,0.00458534,0.00439985,0.0049454,0.00568253,0.00272116,0.00506583,0.009095928,0.00710629,0.012626477,0.00473844,0.007680562,0.01256073,0.00783122,0.002395454,0.006029763,0.009084535
C[C>A]C,0.003402054,0.003194528,0.00758067,0.002782104,0.005761954,0.01041866,0.00606819,0.00094374,0.00876919,0.01181858,0.00734493,0.00999699,0.00291766,0.00981288,0.006627615,0.003639155,0.011317241,0.0026963,0.00919278,0.01535088,0.00495121,0.002649471,0.005459282,0.01039838
C[C>A]G,0.003774886,0.005122342,0.012243332,0.001897197,0.00344817,0.01141331,0.01129681,0.003062,0.00486008,0.00783708,0.00906312,0.00120905,0.0040884,0.01673991,0.013069264,0.01074638,0.012455774,0.00327018,0.013694277,0.01297579,0.01107153,0.007441175,0.006678213,0.014885652
C[C>A]T,0.002813969,0.00485765,0.007216262,0.002288835,0.003395538,0.0042427,0.01234703,0.00346972,0.00458246,0.00475825,0.00196116,0.00354447,0.0035462,0.00437153,0.008540407,0.00771061,0.015201514,0.0027231,0.00473433,0.01370495,0.0076542,0.001150287,0.005262649,0.011145339
G[C>A]A,0.003399092,0.001663055,0.007671439,0.003445518,0.009185191,0.00772991,0.00757787,0.00317274,0.00556689,0.01090592,0.00700424,0.00128311,0.00201537,0.00473797,0.012319733,0.019620795,0.012278358,0.00425785,0.015022666,0.01299831,0.01070738,0.002280257,0.006183654,0.015713042
G[C>A]C,0.002558408,0.001409643,0.006410323,0.00378906,0.005551671,0.0064343,0.00582756,0.00164437,0.00732101,0.00453521,0.00367433,0.00231956,0.00246868,0.00962844,0.01273031,0.011368275,0.014970238,0.00524045,0.007004008,0.01008858,0.00610252,0.001117065,0.005036252,0.008135376
G[C>A]G,0.002191918,0.002636829,0.009732549,0.007207195,0.007664856,0.01567847,0.01024073,0.00187073,0.01339737,0.02036152,0.01151493,0.00050407,0.00266096,0.01564085,0.01383795,0.012682565,0.017408,0.00451053,0.010176989,0.01087242,0.01299103,0.005746239,0.009421809,0.027441702
G[C>A]T,0.00192761,0.001871199,0.005901987,0.001943798,0.005859935,0.00499777,0.01169304,0.00530403,0.00586051,0.00447193,0.00367997,0.00099022,0.00227403,0.00453102,0.015621558,0.01857879,0.033912203,0.00014852,0.009862516,0.01160848,0.00814575,0.001770577,0.007201658,0.00954981
T[C>A]A,0.001669998,0.001511836,0.005651312,0.003604052,0.005629391,0.00523784,0.01014971,0.00222359,0.00268004,0.00693232,0.00524687,0.00104073,0.00092066,0.00430796,0.008001227,0.006522705,0.014478163,0.00077361,0.00844862,0.01347878,0.01480016,0.001966933,0.00931066,0.008047213
T[C>A]C,0.000924346,0.001663689,0.00627647,0.001257277,0.006787688,0.00460888,0.00592586,0.00175184,0.00090225,0.00447988,0.00282838,0.00356962,0.00170345,0.00454748,0.007997426,0.006916365,0.014789829,0.00372164,0.011259416,0.01185377,0.01021011,0.000775803,0.004932617,0.009410449
T[C>A]G,0.000662745,0.002230639,0.00800223,0.001631624,0.005135136,0.01004168,0.00852042,0.00112773,0.0029006,0.00379481,0.00363233,0.00067861,0.0010218,0.01299223,0.010939656,0.01114137,0.021148359,0.00239641,0.018190025,0.00977959,0.01526586,0.003968177,0.008206293,0.008658907
T[C>A]T,0.001147897,0.00130755,0.006506166,0.004271509,0.009324747,0.00742606,0.01526467,0.00369298,0.00277163,0.00703944,0.0044827,0.00111678,0.002141,0.0023148,0.011624534,0.01247691,0.026221441,0.00178956,0.016075324,0.01596276,0.02303637,0.000920011,0.012098266,0.010443214
A[C>G]A,0.009412952,0.002874502,0.003700834,0.003138449,0.004744607,0.00092063,0.00167064,0.00156124,0.00105842,0.00174684,0.00088998,0.00133565,0.00309354,0.00171942,0.001631514,0.001816055,0.001587846,0.00061348,0.003160185,0.0038284,0.00204269,0.000580186,0.00388485,0.001925995
A[C>G]C,0.005722565,0.000692985,0.006878485,0.005323673,0.009878099,0.00406446,0.00490381,0.00096061,0.00182498,0.00680056,0.00267934,0.00576825,0.00266013,0.0005037,0.003603212,0.00430499,0.002327835,0.0029448,0.00494828,0.00387132,0.00649548,0.000874225,0.007843083,0.004096169
A[C>G]G,0.008996932,0.004092078,0.004045698,0.003920134,0.007069137,0.00314465,0.00150644,0.00126205,0.00231179,0.00250195,0.00260062,0.00181178,0.00252047,0.00109075,0.001728119,0.00112019,0.001698529,0.00244887,0.002344387,0.00509596,0.00325624,0.000539754,0.006501195,0.002302475
A[C>G]T,0.002839976,0.003231061,0.006598335,0.004513377,0.011556908,0.00328203,0.00106166,0.00079384,0.00155781,0.00005893,0.00204465,0.00296998,0.00119448,0.00212049,0.001938304,0.001975385,0.003368411,0.00195316,0.003924937,0.00298832,0.00316433,0.00079197,0.004139448,0.001506645
C[C>G]A,0.021372311,0.003510127,0.007447495,0.003405975,0.011461274,0.00160245,0.00050599,0.00479994,0.00558069,0.00005252,0.00190079,0.00619519,0.00692255,0.00098952,0.001071979,0.00115742,0.001015827,0.00134585,0.001834352,0.00235874,0.00113081,0.001007635,0.004621907,0.003123334
C[C>G]C,0.020004737,0.002096587,0.011361529,0.003885091,0.011736667,0.00150513,0.00231226,0.00673902,0.00454104,0.00066016,0.00319968,0.01252227,0.01056135,0.00186086,0.002171354,0.00152273,0.002184933,0.0017728,0.00081438,0.00377517,0.00157346,0.001680538,0.0043111,0.005300342
C[C>G]G,0.021111179,0.006444935,0.007354258,0.002806164,0.009938408,0.00196146,0.00140216,0.00564067,0.00318294,0.00089155,0.00188242,0.00181362,0.00673847,0.00576643,0.001322191,0.0010115,0.004721953,0.00047704,0.00118263,0.00338427,0.0010031,0.002584719,0.003234837,0.0070246
C[C>G]T,0.014468747,0.002846091,0.009478633,0.002888594,0.015863225,0.00138517,0.0013152,0.00238453,0.00120445,0.00142702,0.00096686,0.00512775,0.00663795,0.00136092,0.000825825,0.00106283,0.000048355,0.00193633,0.00111313,0.00334409,0.00086542,0.000276223,0.003539692,0.004296663
G[C>G]A,0.008503845,0.00211772,0.004184113,0.003629246,0.007117005,0.00112458,0.00133066,0.00309395,0.00191824,0.00034671,0.00165578,0.0024793,0.00107484,0.00092498,0.001829499,0.00091416,0.001657407,0.0024553,0.000367708,0.00226709,0.00097938,0.000569246,0.003747645,0.003163844
G[C>G]C,0.009267178,0.001692239,0.005964207,0.005011121,0.008926891,0.00276882,0.00482946,0.00322135,0.00411553,0.00464648,0.00124257,0.00363034,0.00385198,0.00253639,0.002359256,0.008447055,0.001579252,0.00067069,0.005253134,0.00467428,0.00231536,0.001433942,0.004772773,0.004269068
G[C>G]G,0.009916695,0.001862463,0.005090576,0.0029862,0.006269908,0.0014932,0.00193423,0.00337187,0.00265753,0.00166667,0.00129738,0.00141268,0.00237634,0.00217886,0.002591063,0.003054315,0.00146295,0.00202947,0.005035406,0.00402833,0.00174394,0.001125163,0.004436984,0.003624955
G[C>G]T,0.006757717,0.000999905,0.005296561,0.003491889,0.013870767,0.00128044,0.00149328,0.0013006,0,0.00808554,0.00186278,0.00275491,0.00119016,0.00138471,0.001650787,0.001283795,0.000509378,0.00335551,0.003718386,0.00226629,0.00163592,0.000468626,0.004252061,0.002798942
T[C>G]A,0.014692,0.003562462,0.005782251,0.002992129,0.005432847,0.00089638,0.0012716,0.00704001,0.00091241,0.00340549,0.00289328,0.00139918,0.0022418,0.0015383,0.000918932,0.00042361,0.001345997,0.0007627,0.00203467,0.00188662,0.00126017,0.000725429,0.003360917,0.001087004
T[C>G]C,0.009743639,0.002307765,0.007062483,0.002763384,0.011559966,0.00107734,0.00109653,0.00487097,0.00318608,0.00068117,0.00051418,0.0047581,0.00348826,0.00167671,0.001494122,0.00066083,0.00020582,0.00246027,0.000598099,0.00279881,0.00036659,0.00053122,0.004769846,0.002495285
T[C>G]G,0.012312188,0.00396074,0.004625115,0.003525504,0.006466327,0.00118031,0.00096718,0.00456623,0.00451747,0.00136162,0.00077212,0.00104544,0.00200696,0.00147057,0.001313768,0.002341865,0.00100512,0.00080079,0.001654262,0.00164643,0.00119786,0.002047439,0.003034008,0.001693404
T[C>G]T,0.010553883,0.000760503,0.006656751,0.00702132,0.012439877,0.00086965,0.00126177,0.00218204,0.00312367,0.00054311,0,0.00171914,0.00322958,0.00159296,0.001108935,0.0006228,0.000696835,0.00139653,0.001343333,0.0022119,0.00065636,0.000408457,0.003668699,0.002002376
A[C>T]A,0.013122021,0.017796167,0.039598819,0.026507002,0.013776565,0.0396526,0.02913483,0.0169413,0.03590504,0.02055036,0.02718194,0.00781165,0.02569042,0.02536305,0.037909256,0.04719816,0.040144006,0.04595672,0.033772187,0.03038659,0.02234732,0.031868491,0.0295554,0.020284033
A[C>T]C,0.012345387,0.01141417,0.028150735,0.019701243,0.013298753,0.02610031,0.02982791,0.0098908,0.04229134,0.02326531,0.02486111,0.03026303,0.03062056,0.0219758,0.041121827,0.03207635,0.047115285,0.02473092,0.03751831,0.02461342,0.01426703,0.016061473,0.026719685,0.025573983
A[C>T]G,0.019730775,0.027657227,0.043585532,0.027652836,0.007886211,0.0385198,0.03541876,0.02106519,0.02091033,0.03507617,0.03197154,0.00376515,0.02431256,0.04265345,0.044558614,0.05044144,0.028976066,0.05728628,0.03682655,0.02429562,0.0216945,0.04878048,0.025251522,0.01654757
A[C>T]T,0.027207042,0.017304868,0.031092506,0.013883248,0.015598661,0.01746363,0.02059721,0.02963187,0.0409019,0.02923287,0.02727498,0.01199962,0.03750107,0.03175883,0.022750687,0.019727895,0.027034037,0.02678149,0.026151525,0.02292288,0.01207613,0.018144513,0.019714465,0.012980907
C[C>T]A,0.002056483,0.016642307,0.036376017,0.024589547,0.009800217,0.04428746,0.04019018,0.00521445,0.03812374,0.02309163,0.05353853,0.04715935,0.00396015,0.01656732,0.030814307,0.04560671,0.025760163,0.03464578,0.026981658,0.02579084,0.04264404,0.036677113,0.023498607,0.020990487
C[C>T]C,0.006997288,0.01158025,0.028790557,0.022813768,0.010691298,0.02716991,0.02716331,0.00724292,0.02483012,0.02607598,0.0301429,0.07754042,0.01429268,0.02478281,0.03842588,0.041035775,0.046092539,0.03857495,0.026305279,0.02455557,0.02136311,0.036272228,0.028474844,0.027566918
C[C>T]G,0.00543181,0.020788878,0.037345756,0.028000281,0.006870068,0.03324575,0.05273298,0.00314454,0.04102516,0.10101269,0.07658134,0.01642892,0.01587243,0.06189349,0.04712158,0.06264,0.030380677,0.05118348,0.047186344,0.02387392,0.02345948,0.096796547,0.027518026,0.025707243
C[C>T]T,0.017329197,0.021709926,0.035521707,0.018862473,0.013545963,0.04027517,0.04887852,0.02228626,0.02889962,0.02759013,0.03066508,0.03604198,0.02563273,0.02874055,0.028285183,0.022107675,0.023607314,0.03445872,0.027231177,0.0222587,0.04698857,0.023469168,0.020571161,0.022501312
G[C>T]A,0.00759495,0.015935816,0.027470029,0.028732277,0.010884194,0.03100798,0.03432793,0.01473535,0.02446934,0.04116517,0.03134342,0.01088826,0.01107087,0.01862901,0.041045063,0.044223945,0.033357164,0.04734754,0.03339259,0.02507057,0.02059601,0.041679373,0.029226442,0.034352561
G[C>T]C,0.008850982,0.011526342,0.026937715,0.023483183,0.012644736,0.03158469,0.03493646,0.02914371,0.02279784,0.0243401,0.02515666,0.01930149,0.01485363,0.02682244,0.043984668,0.09808288,0.037176036,0.01502109,0.117159864,0.02466917,0.01760898,0.029166222,0.028745935,0.027070917
G[C>T]G,0.012747332,0.022023627,0.030883779,0.036389625,0.014323267,0.04990877,0.04228715,0.01280401,0.04975401,0.08360736,0.03632711,0.00582714,0.0176041,0.05883818,0.051686302,0.057849425,0.047415324,0.06898986,0.030700879,0.02710856,0.03209104,0.098408953,0.030769647,0.044149058
G[C>T]T,0.022282558,0.018375061,0.027725265,0.018342158,0.018402688,0.0216199,0.03138326,0.03474874,0.02297055,0.03526683,0.02775504,0.01110516,0.02324035,0.03163301,0.031276205,0.021106795,0.034415632,0.03975583,0.027821586,0.02393239,0.01750936,0.024379002,0.022837275,0.026471184
T[C>T]A,0.004584662,0.011424381,0.030076108,0.023424722,0.010725603,0.02474295,0.01897778,0.02344357,0.02699959,0.0214251,0.02343455,0.00798888,0.01166035,0.02631015,0.023853433,0.02146302,0.024965043,0.02651575,0.019030098,0.01855714,0.01673864,0.022043611,0.016601511,0.018782634
T[C>T]C,0.009804854,0.009121071,0.022552516,0.01847979,0.015248321,0.02066933,0.02717645,0.01239709,0.0310287,0.03415224,0.02099195,0.03130379,0.02201083,0.02159671,0.034022676,0.027976515,0.039712232,0.03209642,0.026640409,0.02236857,0.0167421,0.013048192,0.02579585,0.019160094
T[C>T]G,0.005027853,0.016560125,0.031028905,0.022856145,0.008234841,0.03810766,0.02390485,0.01524285,0.03600164,0.03837762,0.03127416,0.00436315,0.01385562,0.04438341,0.035506222,0.028002735,0.039156222,0.03723565,0.025673704,0.00156237,0.0857806,0.052013652,0.022246594,0.024546147
T[C>T]T,0.022108264,0.010991088,0.023636429,0.020560616,0.014528173,0.01510287,0.01963238,0.02764097,0.04397075,0.03001128,0.03789628,0.01152137,0.0238985,0.02944347,0.021692293,0.014949285,0.025994789,0.02439143,0.021482266,0.01852324,0.01285736,0.01461388,0.014353938,0.016686358
A[T>A]A,0.002704627,0.00293258,0.001171081,0.001150669,0.012238212,0.00093207,0.00335155,0.0005086,0.00106488,0.00103149,0.00099051,0.00124188,0.00071097,0.00481003,0.002784087,0.0026807,0.001289421,0.00363076,0.001547983,0.00818241,0.01070784,0.000539722,0.002526577,0.006174881
A[T>A]C,0.001235172,0.000781628,0.001102141,0.001935074,0.004056785,0.00492957,0.00145371,0.00048689,0.00082602,0.00041502,0.0007872,0.00029296,0.00138244,0.00338851,0.003317794,0.002911735,0.007275068,0.00418856,0.001177949,0.01052236,0.00525203,0.000757882,0.004035325,0.002455985
A[T>A]G,0.001025152,0.001681349,0.000744011,0.000758568,0.00312166,0.00112048,0.00161806,0.00163039,0.00095842,0.00060718,0.00050191,0.00026132,0.00238975,0.00570748,0.00236803,0.00259475,0.002018592,0.00255434,0.001340569,0.00497577,0.00184867,0.000747911,0.003623034,0.002602837
A[T>A]T,0.002729169,0.000880151,0.001112004,0.00088781,0.00588944,0.00119708,0.00413019,0.0001643,0.00134993,0.00139746,0.00131847,0.0007137,0.00115925,0.0033442,0.003923347,0.0033889,0.000788248,0.00338221,0.002162286,0.00540238,0.01526596,0.001277137,0.002440507,0.004771419
C[T>A]A,1.13E-05,0.003902425,0.001729188,0.004587133,0.008834968,0.00597143,0.00584829,0.00228686,0.000355,0.00563873,0,0.00400513,0.00148606,0.01270651,0.00305456,0.00252337,0.002437544,0.00052783,0.001914824,0.0131032,0.00767451,0.001881786,0.006432695,0.005444062
C[T>A]C,0.001145968,0.001909,0.001591791,0.001931935,0.007203541,0.00598597,0.00456705,0.00319685,0,0.00057703,0.00105989,0.00103818,0.00118108,0.01155909,0.004360239,0.00724306,0.001538452,0.00270824,0.002384422,0.00753301,0.00623857,0.002612326,0.003907001,0.004069404
C[T>A]G,0.000522771,0.002286539,0.001311176,0.001134863,0.004679572,0.0205527,0.00797048,0.00047119,0.00339639,0.00161644,0.00154201,0.00067396,0.00193654,0.02586489,0.002669878,0.003623995,0.003606348,0.00099007,0.005120397,0.01702534,0.01372739,0.004072249,0.009332812,0.011100345
C[T>A]T,0.001087218,0.00175502,0.00159406,0.002682076,0.008472618,0.00118829,0.00464722,0.00093461,0.00081617,0.00076984,0.00076214,0.00097151,0.00115533,0.00641304,0.002339915,0.0025504,0.001311991,0.00089911,0.00179148,0.00562002,0.00927759,0.000457643,0.003015564,0.006123521
G[T>A]A,0.00219091,0.002967244,0.000672041,0.000630385,0.005395932,0.00279903,0.0051515,0.00148017,0.00012015,0.00019561,0,0.00124845,0.00211768,0.0062014,0.001899511,0.00086626,0.000766997,0.00347943,0.001137949,0.00668272,0.00569496,0.001115499,0.002082664,0.00332171
G[T>A]C,0.001895398,0.001029346,0.000942353,0.000462044,0.002655097,0.00195501,0.001454,0.00190925,0.00098787,0.00040391,0.00054249,0.00099992,0.00143441,0.0063091,0.002732377,0.00260428,0.000620357,0.00258094,1.48211E-05,0.00631831,0.00282395,0.001538802,0.003359356,0.001905834
G[T>A]G,0.001308183,0.001589216,0.000497383,0.000694047,0.002160344,0.00956901,0.00403296,0.00197131,0.00251163,0.00203418,0.00109173,0.00153821,0.00080458,0.00910849,0.00244629,0.002325885,0.00181231,0.00206189,0.003435761,0.00856303,0.00325994,0.002155768,0.006070651,0.007039869
G[T>A]T,0.002529682,0.000243629,0.001173923,0.000656999,0.003708054,0.0011408,0.00252419,0.00076231,0.00073579,0.00068983,0.00019523,0.00128705,0.00149344,0.00436691,0.001710358,0.001621115,0.001762138,0.00180601,0.001716589,0.00344015,0.00884167,0.000657498,0.0029133,0.000621005
T[T>A]A,0.000637606,0.002522876,0.002278797,0.002357872,0.015773128,0.00367191,0.00396614,0.00140384,0.00133675,0.00067794,0.00035235,0.00398641,0.00069203,0.00586039,0.003180806,0.00265034,0.001072382,0.00478812,0.002158661,0.00571344,0.01895493,0.000600086,0.009087293,0.003901133
T[T>A]C,0.001211103,0.001455027,0.000814927,0.001183014,0.003189722,0.00175115,0.00314095,0.00062144,0.00000001,0.00023189,0.00038651,0.00069974,0.00064103,0.00493499,0.001498344,0.002017705,0.000246812,0.0023208,0.001139133,0.00448052,0.00345386,0.000574807,0.003356526,0.002202453
T[T>A]G,0.000154159,0.001589367,0.001204965,0.00260673,0.002721773,0.00357781,0.00208843,0.00022031,0.00125037,0.00081585,0,0.00139036,0.0007477,0.00871413,0.001275833,0.001961155,0.000510484,0.00086673,0.000786,0.00537467,0.00339875,0.001043118,0.003665094,0.003093699
T[T>A]T,0.001296575,0.000688339,0.002097158,0.001154659,0.009416701,0.00046205,0.00488853,0.00033206,0.00051265,0.00032306,0,0.00117725,0.00102752,0.0038531,0.001904444,0.00137714,0.00087386,0.00035561,0.000600315,0.00276262,0.02755861,0.0002134,0.003460165,0.002707186
A[T>C]A,0.051247056,0.049260478,0.016355947,0.019840784,0.000854214,0.01803578,0.00707338,0.02992234,0.00847093,0.00748819,0.01526361,0.01430219,0.04627155,0.00985629,0.010520926,0.006259005,0.010146785,0.01526721,0.013746449,0.01184591,0.01145673,0.011496455,0.019050303,0.016085075
A[T>C]C,0.021012558,0.015204941,0.012130162,0.027660969,0.004992565,0.00922012,0.00977236,0.02211611,0.01198797,0.00758329,0.01367901,0.0108865,0.01410458,0.00869316,0.010376453,0.005006675,0.00719732,0.01706572,0.008336371,0.00983756,0.00495729,0.006088543,0.012289142,0.00950124
A[T>C]G,0.04021959,0.042368756,0.025176896,0.015450307,0.008428252,0.00643316,0.00583897,0.02865386,0.00737647,0.01316227,0.01024393,0.00428708,0.04935704,0.01336074,0.008890641,0.0042183,0.006274642,0.01776052,0.008466588,0.00957535,0.00274389,0.01084828,0.01186621,0.011103068
A[T>C]T,0.039329481,0.031101921,0.008403936,0.017776059,0.002149913,0.01045697,0.00645343,0.01600175,0.00728949,0.00936742,0.0058486,0.01404833,0.02010127,0.00906341,0.006213763,0.00372145,0.005652769,0.0103553,0.009283604,0.00930991,0.00603705,0.006039433,0.020682603,0.012965192
C[T>C]A,0.019691519,0.066618252,0.005709858,0.011280031,0.023885962,0.03713319,0.00667719,0.04906551,0.0298044,0.02472506,0.03489699,0.10442517,0.01207489,0.01360836,0.009242236,0.004097675,0.009528084,0.01320501,0.014706328,0.01349958,0.01164061,0.025129092,0.011802975,0.023300067
C[T>C]C,0.012644101,0.017844656,0.005971011,0.017847592,0.007800885,0.01204186,0.01429652,0.0335522,0.02122645,0.00589436,0.02389758,0.0380739,0.00863314,0.01184766,0.009905156,0.00667323,0.004369816,0.01587943,0.005452001,0.01379722,0.00720361,0.020276801,0.014215173,0.009597677
C[T>C]G,0.013823754,0.037995085,0.010201351,0.013285869,0.021017914,0.00868359,0.00759477,0.03351765,0.03387559,0.01677216,0.02681171,0.0292221,0.03226782,0.01772561,0.009345164,0.00497833,0.006762493,0.0133788,0.008732455,0.01067256,0.0045321,0.034550807,0.012554475,0.014562962
C[T>C]T,0.032034723,0.031036967,0.006137567,0.00969535,0.017300909,0.00951359,0.01022949,0.02579842,0.00839741,0.00419359,0.01564471,0.03056082,0.02309072,0.01296875,0.006137621,0.00469456,0.005029874,0.01090876,0.009418012,0.00887126,0.00679606,0.008698494,0.015954914,0.015992938
G[T>C]A,0.026899163,0.051013159,0.013234646,0.036540068,0.022886572,0.02276996,0.01238019,0.04935141,0.01851363,0.02014531,0.03552195,0.03761616,0.03273893,0.00827417,0.015612159,0.00808987,0.014430379,0.01882166,0.01667178,0.01989247,0.01663396,0.044482085,0.024042934,0.028706036
G[T>C]C,0.018933308,0.0211298,0.00393182,0.057123938,0.0129935,0.02329054,0.02102373,0.0491199,0.0197474,0.01807329,0.02382861,0.0241099,0.02651262,0.00897269,0.01526901,0.01424901,0.009706959,0.01911222,0.015755193,0.02695943,0.01148818,0.035824705,0.026849375,0.025738136
G[T>C]G,0.036159022,0.040181833,0.015355753,0.038999436,0.028285757,0.0154752,0.01675068,0.06613165,0.02586679,0.01265768,0.03204123,0.02019168,0.06365519,0.01952129,0.013314254,0.007178575,0.008893848,0.02399055,0.014004781,0.01852938,0.00927024,0.058731535,0.025665964,0.029993474
G[T>C]T,0.046823839,0.027390747,0.009859571,0.037795655,0.004321139,0.01420376,0.01740949,0.03083907,0.01482565,0.01082466,0.0222295,0.02252654,0.04240017,0.01405151,0.009319783,0.007271565,0.010827394,0.01384745,0.016115708,0.01207269,0.0123356,0.022016751,0.024829273,0.031227752
T[T>C]A,0.041465668,0.077370919,0.011619123,0.014025721,0.022643728,0.00831561,0.01151344,0.03962027,0.01339738,0.0117061,0.00951485,0.06522494,0.05194591,0.0090873,0.008070991,0.0033332,0.008961607,0.01006131,0.009247586,0.00961245,0.00955887,0.008633189,0.021235616,0.009700047
T[T>C]C,0.01506905,0.011162384,0.00243888,0.027439715,0.00351316,0.01024904,0.00737637,0.01329971,0.01410974,0.01049279,0.00872955,0.01939761,0.01207028,0.00468437,0.008549259,0.00636337,0.004575447,0.01497884,0.007970748,0.00859777,0.00423512,0.004498143,0.009035764,0.010551482
T[T>C]G,0.023312498,0.033235321,0.012225536,0.016487011,0.015836133,0.006193,0.0068174,0.01910711,0.01473984,0.00591646,0.00997488,0.02472468,0.04565072,0.00913559,0.007254578,0.004396145,0.003197833,0.01056762,0.005936266,0.00758124,0.00484495,0.009000496,0.012202975,0.012382394
T[T>C]T,0.041360056,0.022180014,0.004291544,0.012113628,0.001555978,0.00531318,0.00463468,0.01285995,0.00731771,0.00417312,0.00892439,0.0192811,0.02713224,0.00807133,0.004574477,0.003851765,0.004127914,0.00688337,0.005857608,0.00552535,0.00478191,0.003333038,0.007313588,0.010825078
A[T>G]A,0.005375307,0.002999511,0.001615526,0.002182168,0.007408099,0.00281213,0.0034348,0.00205639,0.00660663,0.00149061,0.00129198,0.00171231,0.00327049,0.00149672,0.001842436,0.001401815,0.00203902,0.00309326,0.004931431,0.00378645,0.00379804,0.000348453,0.003180888,0.00218987
A[T>G]C,0.002159745,0.00113263,0.003591871,0.006116069,0.008306927,0.00759996,0.00711101,0.00424881,0.00358135,0.00188545,0.00069683,0.00122313,0.00211831,0.00216548,0.003428667,0.002410725,0.005878633,0.00458792,0.003936457,0.00613282,0.01343622,0.000776987,0.002147353,0.002693439
A[T>G]G,0.002792328,0.003240045,0.002585683,0.002973332,0.008531185,0.00124202,0.002951,0.00073616,0.00560371,0.00168657,0.00110065,0.00180559,0.00282318,0.0019623,0.001956238,0.00189747,0.002168514,0.00241633,0.002705557,0.00348583,0.00115687,0.000406602,0.003480458,0.001311037
A[T>G]T,0.002398436,0.001298761,0.002334349,0.003883251,0.008462562,0.00185028,0.00170875,0.00037859,0.00639765,0.00152747,0.00084486,0.00290683,0.00029353,0.00145416,0.002318677,0.00154705,0.002093069,0.00151612,0.00125168,0.0019738,0.00596206,0.000206925,0.002469397,0.001266778
C[T>G]A,0.007040941,0.011171611,0.010327064,0.002826039,0.030518789,0.00493835,0.00775628,0.00854141,0.00558299,0.00468301,0.00226923,0.01112992,0.00573095,0.00491245,0.001439145,0.001723345,0.001461657,0.00114798,0.002896741,0.00513911,0.00350202,0.00116756,0.007276315,0.002111486
C[T>G]C,0.007932515,0.005197117,0.011739079,0.011375134,0.026680593,0.00701949,0.00284464,0.02489057,0.0177736,0.00690891,0.01117295,0.00216485,0.00775866,0.00529629,0.002952948,0.001777905,0.002012492,0.00177844,0.00130785,0.00547763,0.00148937,0.002447921,0.003329885,0.000610495
C[T>G]G,0.004402403,0.00605011,0.012102894,0.004745683,0.021455889,0.00520869,0.00426115,0.00843541,0.00345167,0.00454931,0.00509575,0.00270338,0.00808023,0.00463335,0.003183467,0.002406765,0.002786094,0.00115421,0.002227586,0.00404969,0.00252798,0.001867939,0.004476408,0.001300271
C[T>G]T,0.005998241,0.000205871,0.015509741,0.007549302,0.025962319,0.0040583,0.00248705,0.00413037,0.00263639,0.0028623,0.00118578,0.00251407,0.00763307,0.00244759,0.001215784,0.002003245,0.000259309,0.00155522,0.001763514,0.00443461,0.00571592,0.000308513,0.003716516,0.001373278
G[T>G]A,0.002962517,0.001436553,0.002818626,0.00535432,0.010942117,0.00438136,0.00663062,0.00255681,0.00428614,0.00191444,0.00078527,0.00524881,0.00207909,0.00239294,0.00325367,0.00236011,0.003188232,0.00695309,0.003501511,0.0041674,0.00641307,0.000352329,0.004802449,0.000436831
G[T>G]C,0.003587102,0.00127441,0.004558244,0.020248038,0.013794034,0.01297999,0.00521112,0.0062533,0.00289229,0.00584953,0.00456093,0.00233878,0.00616706,0.00363984,0.005489816,0.00534391,0.006732831,0.00447097,0.007129963,0.00828759,0.01710685,0.001075069,0.014160428,0.002076724
G[T>G]G,0.003155893,0.001205671,0.00703973,0.006956004,0.011818217,0.01234662,0.01089599,0.00344317,0.00974404,0.00404191,0.00854652,0.00579037,0.00391986,0.00372403,0.003318691,0.001384085,0.003706395,0.00509874,0.003350868,0.00845499,0.02733684,0.001135303,0.014609903,0.002417702
G[T>G]T,0.002618676,0.000567803,0.004016917,0.016135474,0.014890023,0.00653777,0.00547559,0.00108997,0.00296293,0.00324983,0.00148791,0.00499254,0.00138763,0.00128325,0.003968768,0.00345168,0.002099477,0.00464793,0.004736694,0.00593197,0.00925232,0.00034967,0.006236252,0.001512316
T[T>G]A,0.011507664,0.01399199,0.002239596,0.003621022,0.01477668,0.00244786,0.00371905,0.00483658,0.00258964,0.00749884,0.00414187,0.00953957,0.0014006,0.002411,0.001465732,0.00101372,0.002090276,0.00224059,0.004609906,0.00179994,0.0057625,0.001099434,0.007630743,0.00116342
T[T>G]C,0.005025338,0.003196748,0.003410854,0.006771537,0.013319814,0.00178508,0.00450602,0.00530805,0.00248825,0.00696796,0.00538663,0.00154277,0.00400402,0.00201101,0.001806744,0.00224338,0.002438328,0.00216211,0.002442702,0.00262269,0.00253518,0.001220142,0.002102854,0.003274193
T[T>G]G,0.006460462,0.003564264,0.004005522,0.004331263,0.010266544,0.00319468,0.00464928,0.00290052,0.00170985,0.00412289,0.00284352,0.00709838,0.00283241,0.00248719,0.003284696,0.00286153,0.002099027,0.00391011,0.00331269,0.00484142,0.00200915,0.001105954,0.00432564,0.003228384
T[T>G]T,0.006822894,0.002313066,0.001110732,0.00893137,0.011183553,0.00198622,0.00452186,0.001176,0.00296069,0.0019677,0.00250311,0.0033942,0.00194059,0.00174989,0.001418227,0.00147626,0.001691957,0.0010751,0.001784476,0.0019471,0.01124529,0.000488081,0.005163605,0.0018526
