Gene,position,Adjusted p-value
MKAN_RS04575,1073526,1.82E-47
MKAN_RS08175,1937020,2.21E-10
MKAN_RS29505,2313615,4.78E-07
MKAN_RS30175,443922,1.54E-04
MKAN_RS08180,1937798,3.43E-04
MKAN_RS21695,4992427,7.21E-04
MKAN_RS30195,453598,9.32E-04
MKAN_RS25870,5958474,9.32E-04
MKAN_RS24180,5584298,0.005106056
MKAN_RS00250,64126,0.00512235
MKAN_RS09665,2264583,0.005278699
MKAN_RS14160,3247943,0.007876675
MKAN_RS00625,150622,0.013591295
MKAN_RS13960,3198426,0.013591295
MKAN_RS06050,1418780,0.017377304
MKAN_RS30860,6214125,0.017377304
MKAN_RS31080,2145410,0.025130959
MKAN_RS25025,5750172,0.029867975
MKAN_RS10000,2338520,0.038629465
MKAN_RS00615,149606,0.038629465
MKAN_RS07010,1655119,0.038629465
MKAN_RS00210,50953,0.038629465
MKAN_RS11725,2722556,0.038629465
MKAN_RS15505,3551688,0.045935122
MKAN_RS20405,4680248,0.050020263
MKAN_RS26315,6071835,0.052057437
MKAN_RS13610,3121353,0.052395094
MKAN_RS29995,5404970,0.057606577
MKAN_RS15225,3485300,0.058845032
MKAN_RS15015,3438165,0.063683421
MKAN_RS05195,1221396,0.064075087
MKAN_RS01315,291914,0.104004544
MKAN_RS24510,5643636,0.109362591
MKAN_RS05565,1309828,0.117651379
MKAN_RS31225,4686791,0.117850142
MKAN_RS07165,1692513,0.117850142
MKAN_RS08170,1936598,0.131258585
MKAN_RS01160,256048,0.131258585
MKAN_RS18905,4326076,0.131258585
MKAN_RS25435,5844235,0.136749361
MKAN_RS00245,62743,0.139817085
MKAN_RS19650,4500416,0.139817085
MKAN_RS26400,6092236,0.143352071
MKAN_RS17740,4069248,0.151100252
MKAN_RS27740,6428539,0.152256131
MKAN_RS24845,5709923,0.156769851
MKAN_RS08445,1994524,0.156769851
MKAN_RS19770,4531773,0.156769851
MKAN_RS19620,4493931,0.156769851
MKAN_RS09260,2181678,0.156769851
MKAN_RS22700,5224468,0.156769851
MKAN_RS25060,5758672,0.156769851
MKAN_RS12180,2820607,0.156769851
MKAN_RS26235,6038787,0.156769851
MKAN_RS21450,4938403,0.156769851
MKAN_RS07560,1790715,0.162992968
MKAN_RS29180,454593,0.167512639
MKAN_RS04535,1060672,0.167765398
MKAN_RS05395,1266504,0.170974951
MKAN_RS15080,3455310,0.173327734
MKAN_RS23450,5428237,0.178827101
MKAN_RS01085,244657,0.178827101
MKAN_RS19150,4372426,0.1804187
MKAN_RS04785,1126263,0.1804187
MKAN_RS29520,2331736,0.1804187
MKAN_RS21635,4981402,0.185595662
MKAN_RS12785,2938971,0.1870364
MKAN_RS15630,3580225,0.1870364
MKAN_RS24950,5731955,0.1870364
MKAN_RS01225,267487,0.1870364
MKAN_RS08980,2124551,0.1870364
MKAN_RS21710,4994082,0.1870364
MKAN_RS01915,437466,0.1870364
MKAN_RS07270,1718459,0.1870364
MKAN_RS26380,6088947,0.1870364
MKAN_RS26995,6246521,0.1870364
MKAN_RS12555,2890491,0.196989639
MKAN_RS13905,3186420,0.196989639
MKAN_RS18270,4183363,0.196989639
MKAN_RS15925,3650042,0.197159409
MKAN_RS02590,620392,0.219985664
MKAN_RS10490,2437766,0.228625635
MKAN_RS09560,2243817,0.228625635
MKAN_RS06650,1558770,0.228625635
MKAN_RS09275,2184931,0.228625635
MKAN_RS11125,2587115,0.228625635
MKAN_RS14150,3244876,0.228625635
MKAN_RS22165,5096106,0.228625635
MKAN_RS25880,5962152,0.233469814
MKAN_RS08890,2094384,0.233469814
MKAN_RS13875,3178070,0.244272435
MKAN_RS29200,585970,0.25858567
MKAN_RS17565,4028971,0.258811048
MKAN_RS13600,3119720,0.258811048
MKAN_RS26805,6185228,0.258811048
MKAN_RS18520,4249738,0.262840324
MKAN_RS26100,6008474,0.264310415
MKAN_RS13400,3061981,0.279438726
MKAN_RS23695,5481327,0.279438726
MKAN_RS00985,224075,0.279438726
MKAN_RS03220,764223,0.279438726
MKAN_RS04700,1104239,0.285180455
MKAN_RS05015,1178466,0.285180455
MKAN_RS09915,2314871,0.285180455
MKAN_RS04170,977259,0.285180455
MKAN_RS09960,2324752,0.287436071
MKAN_RS16745,3852060,0.289684054
MKAN_RS22290,5121161,0.289857256
MKAN_RS30410,2318483,0.289857256
MKAN_RS14100,3233375,0.289857256
MKAN_RS14060,3225777,0.293712303
MKAN_RS21435,4932575,0.301914611
MKAN_RS18265,4176918,0.301914611
MKAN_RS14850,3396802,0.304410971
MKAN_RS11795,2736059,0.304410971
MKAN_RS11970,2770761,0.320963031
MKAN_RS29760,3763440,0.329431812
MKAN_RS30545,3564577,0.329431812
MKAN_RS09875,2307882,0.329431812
MKAN_RS21285,4900395,0.329431812
MKAN_RS14800,3384828,0.329431812
MKAN_RS23485,5435092,0.329431812
MKAN_RS09675,2267980,0.329431812
MKAN_RS08590,2029092,0.329431812
MKAN_RS21980,5044535,0.329431812
MKAN_RS09535,2236990,0.329431812
MKAN_RS09845,2303007,0.329431812
MKAN_RS11935,2763970,0.329431812
MKAN_RS07140,1687831,0.329431812
MKAN_RS06930,1632285,0.329431812
MKAN_RS06380,1490427,0.329431812
MKAN_RS27640,6408553,0.329431812
MKAN_RS02695,645891,0.329431812
MKAN_RS02280,533615,0.329431812
MKAN_RS11540,2684353,0.329431812
MKAN_RS16940,3897275,0.329431812
MKAN_RS19910,4565725,0.329431812
MKAN_RS11115,2585020,0.3326735
MKAN_RS00240,60505,0.3326735
MKAN_RS21275,4898007,0.3326735
MKAN_RS29510,2316201,0.342151724
MKAN_RS12890,2962768,0.342589708
MKAN_RS00605,147621,0.342589708
MKAN_RS06280,1466135,0.342589708
MKAN_RS06040,1416755,0.342589708
MKAN_RS06465,1513979,0.342589708
MKAN_RS18385,4222253,0.342589708
MKAN_RS12515,2883074,0.345752634
MKAN_RS14895,3407379,0.345752634
MKAN_RS02145,493896,0.345752634
MKAN_RS14075,3228156,0.346325164
MKAN_RS18845,4317783,0.350324444
MKAN_RS22755,5234862,0.350324444
MKAN_RS12810,2942792,0.350890332
MKAN_RS03885,913972,0.351457327
MKAN_RS17800,4080300,0.353438973
MKAN_RS22610,5205514,0.354976009
MKAN_RS22720,5227707,0.354976009
MKAN_RS10770,2514335,0.355610381
MKAN_RS21895,5028836,0.355610381
MKAN_RS10725,2505081,0.355610381
MKAN_RS17430,4002792,0.355610381
MKAN_RS05535,1303875,0.355610381
MKAN_RS10930,2544453,0.355610381
MKAN_RS12520,2883237,0.355610381
MKAN_RS07205,1702349,0.355610381
MKAN_RS08545,2017648,0.355610381
MKAN_RS18440,4240373,0.356825542
MKAN_RS13890,3182063,0.356825542
MKAN_RS09885,2309840,0.361409835
MKAN_RS01285,281351,0.362557826
MKAN_RS12285,2843550,0.362557826
MKAN_RS27145,6281043,0.363336246
MKAN_RS21550,4965880,0.365596424
MKAN_RS01490,335498,0.365596424
MKAN_RS13420,3066920,0.365596424
MKAN_RS12500,2880140,0.365596424
MKAN_RS09820,2297314,0.365596424
MKAN_RS14250,3264812,0.365596424
MKAN_RS08930,2111205,0.365596424
MKAN_RS12670,2913475,0.365596424
MKAN_RS20300,4656822,0.365596424
MKAN_RS21800,5008054,0.365596424
MKAN_RS14630,3344646,0.365596424
MKAN_RS20475,4696148,0.366769881
MKAN_RS16520,3787824,0.379497133
MKAN_RS17200,3953314,0.379497133
MKAN_RS09855,2305054,0.379497133
MKAN_RS20925,4786830,0.379497133
MKAN_RS23815,5504112,0.379497133
MKAN_RS27555,6390046,0.379497133
MKAN_RS01680,368501,0.379497133
MKAN_RS09890,2311366,0.379497133
MKAN_RS01205,263830,0.379497133
MKAN_RS07030,1662256,0.379497133
MKAN_RS15790,3619060,0.379497133
MKAN_RS11910,2758955,0.379497133
MKAN_RS23900,5520662,0.379497133
MKAN_RS03250,770746,0.379497133
MKAN_RS21330,4909104,0.379497133
MKAN_RS24595,5660887,0.379497133
MKAN_RS03790,897073,0.379497133
MKAN_RS02900,689820,0.379497133
MKAN_RS19380,4424920,0.379497133
MKAN_RS06005,1405709,0.379497133
MKAN_RS12885,2961049,0.379497133
MKAN_RS12160,2815894,0.379497133
MKAN_RS14600,3338025,0.379497133
MKAN_RS01460,326986,0.379497133
MKAN_RS15010,3436396,0.379497133
MKAN_RS06150,1439065,0.379497133
MKAN_RS20745,4748392,0.379497133
MKAN_RS22995,5322227,0.379497133
MKAN_RS22095,5073728,0.379497133
MKAN_RS13100,3008199,0.381230313
MKAN_RS00770,178879,0.383542302
MKAN_RS15335,3511309,0.383542302
MKAN_RS01125,250529,0.383542302
MKAN_RS29460,2009664,0.384793217
MKAN_RS11930,2763655,0.387533185
MKAN_RS06205,1449172,0.389428226
MKAN_RS23560,5450534,0.395135159
MKAN_RS22710,5226566,0.396070826
MKAN_RS14350,3284598,0.396070826
MKAN_RS00255,65761,0.396070826
MKAN_RS13940,3195559,0.396070826
MKAN_RS17065,3923629,0.396070826
MKAN_RS25930,5972556,0.396070826
MKAN_RS30375,1861087,0.396070826
MKAN_RS00335,83837,0.396070826
MKAN_RS00620,150283,0.396070826
MKAN_RS16335,3751539,0.396070826
MKAN_RS13720,3142559,0.396070826
MKAN_RS24830,5707854,0.396070826
MKAN_RS31425,6305160,0.396070826
MKAN_RS27265,6308344,0.396070826
MKAN_RS12100,2805405,0.396070826
MKAN_RS03025,720231,0.396070826
MKAN_RS31365,386403,0.396070826
MKAN_RS23570,5452520,0.396070826
MKAN_RS05870,1379115,0.396070826
MKAN_RS11520,2678755,0.396070826
MKAN_RS18645,4281907,0.396070826
MKAN_RS03545,839098,0.396070826
MKAN_RS26390,6090599,0.396070826
MKAN_RS24475,5639328,0.396070826
MKAN_RS16290,3742317,0.396070826
MKAN_RS22130,5089355,0.396070826
MKAN_RS20080,4610326,0.396070826
MKAN_RS20930,4787186,0.396070826
MKAN_RS21650,4984034,0.396070826
MKAN_RS02660,639197,0.396070826
MKAN_RS10805,2520355,0.396070826
MKAN_RS14585,3334723,0.396070826
MKAN_RS21570,4969213,0.396070826
MKAN_RS06470,1515240,0.396070826
MKAN_RS25250,5803755,0.396070826
MKAN_RS06215,1451807,0.396070826
MKAN_RS13275,3039298,0.396070826
MKAN_RS20730,4744224,0.396070826
MKAN_RS05890,1382728,0.396070826
MKAN_RS09280,2185692,0.396070826
MKAN_RS01360,301529,0.396070826
MKAN_RS04935,1157147,0.396070826
MKAN_RS13725,3143027,0.396070826
MKAN_RS24565,5655304,0.396070826
MKAN_RS14210,3258007,0.396070826
MKAN_RS28740,2406696,0.396070826
MKAN_RS12840,2949557,0.396070826
MKAN_RS26445,6106427,0.396070826
MKAN_RS15640,3583706,0.396070826
MKAN_RS26800,6184736,0.396070826
MKAN_RS11260,2622822,0.396070826
MKAN_RS07900,1862166,0.396070826
MKAN_RS05995,1403950,0.396070826
MKAN_RS03690,876528,0.396070826
MKAN_RS10250,2387779,0.396070826
MKAN_RS15085,3456915,0.396070826
MKAN_RS17090,3929432,0.396070826
MKAN_RS20270,4649623,0.396070826
MKAN_RS07870,1857340,0.396070826
MKAN_RS13640,3127283,0.396070826
MKAN_RS22160,5095684,0.396070826
MKAN_RS22250,5114139,0.396070826
MKAN_RS20485,4697340,0.396070826
MKAN_RS20650,4729973,0.396070826
MKAN_RS13025,2990347,0.396070826
MKAN_RS13430,3068513,0.396070826
MKAN_RS00885,199253,0.396070826
MKAN_RS06020,1410811,0.396070826
MKAN_RS11675,2712904,0.396070826
MKAN_RS20425,4684587,0.396070826
MKAN_RS15255,3494515,0.396070826
MKAN_RS25735,5926673,0.396070826
MKAN_RS26725,6168421,0.396070826
MKAN_RS00585,140861,0.396070826
MKAN_RS07075,1675121,0.396070826
MKAN_RS10460,2432381,0.396070826
MKAN_RS24420,5631289,0.396070826
MKAN_RS06080,1425124,0.396070826
MKAN_RS11250,2621016,0.396070826
MKAN_RS13480,3087020,0.396070826
MKAN_RS21230,4882735,0.396070826
MKAN_RS23660,5473397,0.396070826
MKAN_RS03910,920594,0.396070826
MKAN_RS16555,3799429,0.396070826
MKAN_RS06620,1552781,0.396070826
MKAN_RS14430,3302476,0.396070826
MKAN_RS13815,3163833,0.396070826
MKAN_RS08450,1995005,0.396070826
MKAN_RS11505,2676401,0.396070826
MKAN_RS11770,2730436,0.396070826
MKAN_RS05665,1338224,0.396070826
MKAN_RS23765,5495178,0.396070826
MKAN_RS15655,3586015,0.396070826
MKAN_RS25950,5975777,0.396070826
MKAN_RS00270,68471,0.396070826
MKAN_RS14050,3224274,0.396070826
MKAN_RS20420,4683874,0.396070826
MKAN_RS11600,2695880,0.396070826
MKAN_RS16775,3858990,0.396070826
MKAN_RS11070,2576295,0.396070826
MKAN_RS19800,4537718,0.396070826
MKAN_RS25960,5979475,0.396070826
MKAN_RS16120,3701784,0.396070826
MKAN_RS13330,3047909,0.396070826
MKAN_RS02705,648601,0.396070826
MKAN_RS15670,3587861,0.396070826
MKAN_RS12115,2806281,0.396070826
MKAN_RS17610,4037220,0.396070826
MKAN_RS19590,4483303,0.396070826
MKAN_RS26715,6166392,0.396070826
MKAN_RS18540,4254074,0.396070826
MKAN_RS30315,1278140,0.396070826
MKAN_RS07400,1752062,0.396070826
MKAN_RS24920,5727171,0.396070826
MKAN_RS15855,3633480,0.396070826
MKAN_RS00915,204153,0.396070826
MKAN_RS05160,1211959,0.396070826
MKAN_RS05580,1315296,0.396070826
MKAN_RS16115,3701083,0.396070826
MKAN_RS01450,325093,0.396070826
MKAN_RS04855,1140283,0.396070826
MKAN_RS06985,1648383,0.396070826
MKAN_RS16310,3745588,0.396070826
MKAN_RS18555,4259323,0.396070826
MKAN_RS17100,3931790,0.396070826
MKAN_RS26585,6138881,0.396070826
MKAN_RS13695,3138576,0.396070826
MKAN_RS19895,4562583,0.396070826
MKAN_RS16935,3896569,0.396070826
MKAN_RS31470,2342061,0.396070826
MKAN_RS06830,1609358,0.396070826
MKAN_RS22385,5157527,0.396070826
MKAN_RS22705,5225940,0.396070826
MKAN_RS05200,1222277,0.396070826
MKAN_RS07585,1796086,0.396070826
MKAN_RS06180,1445711,0.396070826
MKAN_RS13230,3028546,0.396070826
MKAN_RS15975,3667814,0.396070826
MKAN_RS24590,5660209,0.396070826
MKAN_RS14455,3308819,0.396070826
MKAN_RS04220,989787,0.396070826
MKAN_RS07100,1678645,0.396070826
MKAN_RS16845,3871473,0.396070826
MKAN_RS09810,2295319,0.396070826
MKAN_RS28795,3320772,0.396070826
MKAN_RS12625,2904285,0.396070826
MKAN_RS14110,3235545,0.396070826
MKAN_RS22555,5193783,0.396070826
MKAN_RS24580,5657764,0.396070826
MKAN_RS22175,5099097,0.396070826
MKAN_RS14820,3388707,0.396070826
MKAN_RS24820,5706754,0.396070826
MKAN_RS18920,4329137,0.396070826
MKAN_RS19670,4511471,0.396070826
MKAN_RS06655,1559760,0.396070826
MKAN_RS17680,4053457,0.396070826
MKAN_RS18910,4327473,0.396070826
MKAN_RS18230,4164734,0.396070826
MKAN_RS18760,4304938,0.396070826
MKAN_RS20035,4602501,0.396070826
MKAN_RS13205,3024161,0.396070826
MKAN_RS08015,1885671,0.396070826
MKAN_RS05295,1237766,0.396070826
MKAN_RS15120,3465451,0.396070826
MKAN_RS15645,3584478,0.396070826
MKAN_RS10985,2558530,0.396070826
MKAN_RS26325,6073784,0.396070826
MKAN_RS07630,1806270,0.396070826
MKAN_RS24300,5603746,0.396070826
MKAN_RS00550,132572,0.396070826
MKAN_RS03040,722974,0.396070826
MKAN_RS26320,6072760,0.396070826
MKAN_RS17540,4024929,0.396070826
MKAN_RS22730,5229153,0.396070826
MKAN_RS26535,6129273,0.396070826
MKAN_RS15555,3562694,0.396070826
MKAN_RS21050,4838682,0.396070826
MKAN_RS26525,6126886,0.396070826
MKAN_RS05275,1234314,0.396070826
MKAN_RS12915,2966246,0.396070826
MKAN_RS02720,651466,0.396070826
MKAN_RS22960,5316186,0.396070826
MKAN_RS11425,2657899,0.396070826
MKAN_RS04790,1127927,0.396070826
MKAN_RS12325,2850714,0.396070826
MKAN_RS14230,3260150,0.396070826
MKAN_RS15660,3586597,0.396070826
MKAN_RS21875,5023123,0.396070826
MKAN_RS09310,2192188,0.396070826
MKAN_RS01140,253740,0.396070826
MKAN_RS06310,1475155,0.396070826
MKAN_RS16010,3676936,0.396070826
MKAN_RS01815,414259,0.396070826
MKAN_RS11940,2765186,0.396070826
MKAN_RS22685,5221791,0.396070826
MKAN_RS23715,5485750,0.396070826
MKAN_RS25275,5807571,0.396070826
MKAN_RS09985,2330297,0.396070826
MKAN_RS15065,3451239,0.396070826
MKAN_RS24255,5595164,0.396070826
MKAN_RS17485,4012153,0.396070826
MKAN_RS15960,3661212,0.396070826
MKAN_RS07855,1855403,0.396070826
MKAN_RS12205,2829512,0.396070826
MKAN_RS13240,3030309,0.396070826
MKAN_RS01465,328598,0.396070826
MKAN_RS01330,296837,0.396070826
MKAN_RS09870,2307113,0.396070826
MKAN_RS27030,6256932,0.396070826
MKAN_RS16830,3868635,0.396070826
MKAN_RS07790,1841490,0.396070826
MKAN_RS17290,3971351,0.396070826
MKAN_RS26225,6037066,0.396070826
MKAN_RS03935,926159,0.396070826
MKAN_RS15520,3556155,0.396070826
MKAN_RS01035,235635,0.396070826
MKAN_RS27610,6403456,0.396070826
MKAN_RS15850,3632676,0.396070826
MKAN_RS21370,4918074,0.396070826
MKAN_RS12230,2833012,0.396070826
MKAN_RS21340,4911434,0.396070826
MKAN_RS26860,6198348,0.396070826
MKAN_RS28650,996599,0.396070826
MKAN_RS11460,2666641,0.396070826
MKAN_RS02295,537406,0.396070826
MKAN_RS14410,3297604,0.396070826
MKAN_RS17550,4025951,0.396070826
MKAN_RS06855,1615271,0.396070826
MKAN_RS10090,2361367,0.396070826
MKAN_RS18065,4132496,0.396070826
MKAN_RS08360,1980136,0.396070826
MKAN_RS10440,2427790,0.396070826
MKAN_RS07465,1771971,0.396070826
MKAN_RS10900,2535216,0.396070826
MKAN_RS23905,5522512,0.396070826
MKAN_RS11190,2609963,0.396070826
MKAN_RS10155,2369573,0.396070826
MKAN_RS12975,2978237,0.396070826
MKAN_RS05375,1261985,0.396070826
MKAN_RS05595,1319677,0.396070826
MKAN_RS24030,5552222,0.396070826
MKAN_RS27270,6308691,0.396070826
MKAN_RS06590,1547115,0.396070826
MKAN_RS10760,2512156,0.396070826
MKAN_RS13335,3048517,0.396070826
MKAN_RS16020,3679656,0.396070826
MKAN_RS18945,4333793,0.396070826
MKAN_RS05805,1368102,0.396070826
MKAN_RS05755,1355528,0.396070826
MKAN_RS07265,1717586,0.396070826
MKAN_RS21645,4983187,0.396070826
MKAN_RS03585,849687,0.396070826
MKAN_RS05790,1364447,0.396070826
MKAN_RS22910,5283423,0.396070826
MKAN_RS29575,2500119,0.396070826
MKAN_RS11030,2568400,0.396070826
MKAN_RS22350,5134514,0.396070826
MKAN_RS24805,5704911,0.396070826
MKAN_RS26490,6119850,0.396070826
MKAN_RS27535,6383322,0.396070826
MKAN_RS11305,2632973,0.396070826
MKAN_RS09655,2262453,0.396070826
MKAN_RS10255,2388285,0.396070826
MKAN_RS13395,3061146,0.396070826
MKAN_RS14105,3234352,0.396070826
MKAN_RS16705,3846397,0.396070826
MKAN_RS18770,4306000,0.396070826
MKAN_RS23030,5334171,0.396070826
MKAN_RS12780,2938015,0.396070826
MKAN_RS22445,5172024,0.396070826
MKAN_RS20605,4723151,0.396070826
MKAN_RS04380,1019566,0.396070826
MKAN_RS27170,6288775,0.396070826
MKAN_RS12560,2891398,0.396070826
MKAN_RS20360,4669225,0.396070826
MKAN_RS20710,4741584,0.396070826
MKAN_RS20785,4760241,0.396070826
MKAN_RS03020,719354,0.396070826
MKAN_RS16715,3847913,0.396070826
MKAN_RS17005,3912206,0.396070826
MKAN_RS23415,5419765,0.396070826
MKAN_RS23435,5424957,0.396070826
MKAN_RS26550,6132671,0.396070826
MKAN_RS12830,2947787,0.396070826
MKAN_RS17420,4000908,0.396070826
MKAN_RS05060,1188747,0.396070826
MKAN_RS29840,4355303,0.396070826
MKAN_RS14975,3429493,0.396070826
MKAN_RS02220,517074,0.396070826
MKAN_RS06970,1645937,0.396070826
MKAN_RS10735,2506994,0.396070826
MKAN_RS04390,1022456,0.396070826
MKAN_RS16770,3858121,0.396070826
MKAN_RS00025,2345,0.396070826
MKAN_RS26240,6045594,0.396070826
MKAN_RS31150,3114103,0.396070826
MKAN_RS12605,2900469,0.396070826
MKAN_RS26925,6217786,0.396070826
MKAN_RS24855,5710952,0.396070826
MKAN_RS16615,3813426,0.396070826
MKAN_RS16730,3850126,0.396070826
MKAN_RS16755,3854251,0.396070826
MKAN_RS21705,4993187,0.396070826
MKAN_RS21525,4959698,0.396070826
MKAN_RS06980,1647377,0.396070826
MKAN_RS24295,5602850,0.396070826
MKAN_RS15825,3626848,0.396070826
MKAN_RS11510,2676949,0.396070826
MKAN_RS20380,4674933,0.396070826
MKAN_RS18820,4314177,0.396070826
MKAN_RS07480,1774707,0.396070826
MKAN_RS16950,3898915,0.396070826
MKAN_RS22335,5131123,0.396070826
MKAN_RS08425,1991680,0.396070826
MKAN_RS14945,3419226,0.396070826
MKAN_RS20975,4800469,0.396070826
MKAN_RS11715,2719701,0.396070826
MKAN_RS16135,3703647,0.396070826
MKAN_RS25770,5935435,0.396070826
MKAN_RS10215,2380558,0.396070826
MKAN_RS20225,4640870,0.396070826
MKAN_RS06195,1447627,0.396070826
MKAN_RS14570,3332060,0.396070826
MKAN_RS10060,2351751,0.396070826
MKAN_RS11640,2704992,0.396070826
MKAN_RS19765,4530869,0.396070826
MKAN_RS00330,82852,0.396070826
MKAN_RS24910,5725405,0.396070826
MKAN_RS06230,1453261,0.396070826
MKAN_RS21600,4974088,0.396070826
MKAN_RS20760,4753280,0.396070826
MKAN_RS04465,1046905,0.396070826
MKAN_RS12540,2887600,0.396070826
MKAN_RS08190,1940548,0.396070826
MKAN_RS12415,2866740,0.396070826
MKAN_RS30405,2317465,0.396070826
MKAN_RS14240,3261592,0.396070826
MKAN_RS11325,2637118,0.396070826
MKAN_RS11245,2619961,0.396070826
MKAN_RS11485,2672367,0.396070826
MKAN_RS13460,3077587,0.396070826
MKAN_RS16670,3826860,0.396070826
MKAN_RS26120,6013712,0.396070826
MKAN_RS01075,242138,0.396070826
MKAN_RS24575,5656767,0.396070826
MKAN_RS25980,5983760,0.396070826
MKAN_RS28545,126579,0.396070826
MKAN_RS16105,3699019,0.396070826
MKAN_RS12610,2901347,0.396070826
MKAN_RS13665,3131848,0.396070826
MKAN_RS23260,5387165,0.396070826
MKAN_RS00870,197197,0.396070826
MKAN_RS10030,2345680,0.396070826
MKAN_RS21065,4841373,0.396070826
MKAN_RS12690,2918803,0.396070826
MKAN_RS04155,973046,0.396070826
MKAN_RS18680,4289552,0.396070826
MKAN_RS13375,3056267,0.396070826
MKAN_RS04160,974028,0.396070826
MKAN_RS17825,4085215,0.396070826
MKAN_RS22205,5105282,0.396070826
MKAN_RS08135,1926937,0.396070826
MKAN_RS08745,2066779,0.396070826
MKAN_RS14725,3368626,0.396070826
MKAN_RS30170,293265,0.396070826
MKAN_RS15915,3647035,0.396070826
MKAN_RS09175,2163487,0.396070826
MKAN_RS22355,5135441,0.396070826
MKAN_RS28880,4595017,0.396070826
MKAN_RS14300,3275976,0.396070826
MKAN_RS18220,4162772,0.396070826
MKAN_RS09760,2283167,0.396070826
MKAN_RS12765,2935027,0.396070826
MKAN_RS22795,5242775,0.396070826
MKAN_RS28720,2312025,0.396070826
MKAN_RS03630,864495,0.396070826
MKAN_RS02325,542244,0.396070826
MKAN_RS23325,5402907,0.396070826
MKAN_RS12505,2881897,0.396070826
MKAN_RS17735,4068164,0.396070826
MKAN_RS03980,933639,0.396070826
MKAN_RS08960,2119662,0.396070826
MKAN_RS05020,1179448,0.396070826
MKAN_RS05655,1335932,0.396070826
MKAN_RS08250,1954563,0.396070826
MKAN_RS03760,890804,0.396070826
MKAN_RS09080,2144098,0.396070826
MKAN_RS17955,4109735,0.396070826
MKAN_RS04505,1053416,0.396070826
MKAN_RS07580,1794971,0.396070826
MKAN_RS18080,4136300,0.396070826
MKAN_RS25125,5773442,0.396070826
MKAN_RS18585,4264766,0.396070826
MKAN_RS22255,5114611,0.396070826
MKAN_RS01170,257346,0.396070826
MKAN_RS07155,1690703,0.396070826
MKAN_RS19965,4583347,0.396070826
MKAN_RS10190,2374513,0.396070826
MKAN_RS23585,5455296,0.396070826
MKAN_RS03065,729158,0.396070826
MKAN_RS18995,4344219,0.396070826
MKAN_RS25515,5860904,0.396070826
MKAN_RS22390,5158228,0.396070826
MKAN_RS00545,131537,0.396070826
MKAN_RS25055,5757662,0.396070826
MKAN_RS13980,3206728,0.396070826
MKAN_RS17560,4027921,0.396070826
MKAN_RS12985,2980804,0.396070826
MKAN_RS12735,2927857,0.396070826
MKAN_RS13780,3157443,0.396070826
MKAN_RS04620,1080860,0.396070826
MKAN_RS07145,1689150,0.396070826
MKAN_RS11110,2583968,0.396070826
MKAN_RS12390,2862712,0.396070826
MKAN_RS12395,2863775,0.396070826
MKAN_RS23540,5446266,0.396070826
MKAN_RS15170,3473534,0.396070826
MKAN_RS07850,1853816,0.396070826
MKAN_RS26540,6130042,0.396070826
MKAN_RS05365,1259500,0.396070826
MKAN_RS11950,2766575,0.396070826
MKAN_RS26965,6227143,0.396070826
MKAN_RS05730,1351275,0.396070826
MKAN_RS05785,1363380,0.396070826
MKAN_RS10620,2480581,0.396070826
MKAN_RS08340,1975879,0.396070826
MKAN_RS20170,4626912,0.396070826
MKAN_RS11395,2651957,0.396070826
MKAN_RS20235,4642669,0.396070826
MKAN_RS15180,3476390,0.396070826
MKAN_RS11105,2582893,0.396070826
MKAN_RS19865,4552556,0.396070826
MKAN_RS23095,5356012,0.396070826
MKAN_RS23860,5513824,0.396070826
MKAN_RS10365,2409684,0.396070826
MKAN_RS15155,3471153,0.396070826
MKAN_RS05035,1181783,0.396070826
MKAN_RS07510,1781171,0.396070826
MKAN_RS19325,4412567,0.396070826
MKAN_RS11145,2590688,0.396070826
MKAN_RS23955,5535326,0.396070826
MKAN_RS03975,932509,0.396070826
MKAN_RS07920,1865893,0.396070826
MKAN_RS16345,3754716,0.396070826
MKAN_RS07610,1801358,0.396070826
MKAN_RS15455,3541146,0.396070826
MKAN_RS17900,4099810,0.396070826
MKAN_RS27675,6417012,0.396070826
MKAN_RS15200,3480299,0.396070826
MKAN_RS12990,2981879,0.396070826
MKAN_RS21075,4843883,0.396070826
MKAN_RS13830,3167549,0.396070826
MKAN_RS11860,2748470,0.396070826
MKAN_RS08985,2125269,0.396070826
MKAN_RS22440,5170702,0.396070826
MKAN_RS24435,5634428,0.396070826
MKAN_RS14925,3413679,0.396070826
MKAN_RS10225,2382568,0.396070826
MKAN_RS24690,5680625,0.396070826
MKAN_RS08730,2062293,0.396070826
MKAN_RS03185,756468,0.396070826
MKAN_RS19305,4407960,0.396070826
MKAN_RS09020,2134230,0.396070826
MKAN_RS21480,4950781,0.396070826
MKAN_RS21575,4969721,0.396070826
MKAN_RS13425,3067186,0.396070826
MKAN_RS03150,749588,0.396070826
MKAN_RS03520,833453,0.396070826
MKAN_RS03605,856673,0.396070826
MKAN_RS09830,2300511,0.396070826
MKAN_RS15675,3588445,0.396070826
MKAN_RS21080,4844998,0.396070826
MKAN_RS05705,1346420,0.396070826
MKAN_RS07330,1732633,0.396070826
MKAN_RS09455,2222600,0.396070826
MKAN_RS14120,3237080,0.396070826
MKAN_RS20490,4697827,0.396070826
MKAN_RS26020,5990661,0.396070826
MKAN_RS23825,5505298,0.396070826
MKAN_RS06295,1471693,0.396070826
MKAN_RS15720,3599993,0.396070826
MKAN_RS11315,2635560,0.396070826
MKAN_RS05850,1376514,0.396070826
MKAN_RS11255,2621656,0.396070826
MKAN_RS11345,2641976,0.396070826
MKAN_RS03530,835302,0.396070826
MKAN_RS11330,2638062,0.396070826
MKAN_RS17175,3950075,0.396070826
MKAN_RS19460,4445260,0.396070826
MKAN_RS11895,2755767,0.396070826
MKAN_RS18330,4207757,0.396070826
MKAN_RS05385,1263363,0.396070826
MKAN_RS08495,2006309,0.396070826
MKAN_RS13585,3116853,0.396070826
MKAN_RS15910,3645866,0.396070826
MKAN_RS15805,3622074,0.396070826
MKAN_RS27510,6372674,0.396070826
MKAN_RS20150,4621868,0.396070826
MKAN_RS15040,3444351,0.396070826
MKAN_RS14710,3364997,0.396070826
MKAN_RS26930,6218682,0.396070826
MKAN_RS16655,3823327,0.396070826
MKAN_RS19260,4399649,0.396070826
MKAN_RS18805,4310166,0.396070826
MKAN_RS00165,43039,0.396070826
MKAN_RS15715,3598620,0.396070826
MKAN_RS16475,3779623,0.396070826
MKAN_RS16995,3909501,0.396070826
MKAN_RS18335,4208930,0.396070826
MKAN_RS18710,4294689,0.396070826
MKAN_RS20185,4632393,0.396070826
MKAN_RS11225,2616945,0.396070826
MKAN_RS09210,2173475,0.396070826
MKAN_RS11875,2752877,0.396070826
MKAN_RS17015,3913506,0.396070826
MKAN_RS18110,4142987,0.396070826
MKAN_RS22045,5059359,0.396070826
MKAN_RS09740,2278868,0.396070826
MKAN_RS05800,1366888,0.396070826
MKAN_RS11200,2611790,0.396070826
MKAN_RS17225,3958044,0.396070826
MKAN_RS25350,5822681,0.396070826
MKAN_RS21835,5015725,0.396070826
MKAN_RS25720,5921911,0.396070826
MKAN_RS00220,54199,0.396070826
MKAN_RS16235,3730053,0.396070826
MKAN_RS05835,1373280,0.396070826
MKAN_RS15840,3629960,0.396070826
MKAN_RS19335,4415054,0.396070826
MKAN_RS04990,1169624,0.396070826
MKAN_RS00030,3476,0.396070826
MKAN_RS09595,2250136,0.396070826
MKAN_RS09815,2296010,0.396070826
MKAN_RS18360,4214212,0.396070826
MKAN_RS09805,2293880,0.396070826
MKAN_RS13945,3195975,0.396070826
MKAN_RS14805,3385931,0.396070826
MKAN_RS18070,4133757,0.396070826
MKAN_RS07285,1722396,0.396070826
MKAN_RS12770,2936089,0.396070826
MKAN_RS08655,2044182,0.396070826
MKAN_RS21260,4895244,0.396070826
MKAN_RS11915,2760988,0.396070826
MKAN_RS13675,3133753,0.396070826
MKAN_RS00060,8511,0.396070826
MKAN_RS21840,5016917,0.396070826
MKAN_RS02290,535740,0.396070826
MKAN_RS13010,2987044,0.396070826
MKAN_RS10495,2438795,0.396070826
MKAN_RS23800,5500848,0.396070826
MKAN_RS05165,1212634,0.396070826
MKAN_RS25900,5965009,0.396070826
MKAN_RS08860,2088299,0.396070826
MKAN_RS12740,2928901,0.396070826
MKAN_RS10640,2485262,0.396070826
MKAN_RS01625,357621,0.396070826
MKAN_RS05355,1256838,0.396070826
MKAN_RS17915,4101606,0.396070826
MKAN_RS25630,5896642,0.396070826
MKAN_RS27540,6384309,0.396070826
MKAN_RS22010,5051744,0.396070826
MKAN_RS25695,5915528,0.396070826
MKAN_RS04500,1052010,0.396070826
MKAN_RS07200,1700941,0.396070826
MKAN_RS22750,5233416,0.396070826
MKAN_RS19860,4551273,0.396070826
MKAN_RS20560,4711553,0.396070826
MKAN_RS25535,5865334,0.396070826
MKAN_RS28940,5468745,0.396070826
MKAN_RS24330,5611742,0.396070826
MKAN_RS09585,2248532,0.396070826
MKAN_RS03215,762755,0.396070826
MKAN_RS09495,2228914,0.396070826
MKAN_RS23060,5346324,0.396070826
MKAN_RS00760,176724,0.396070826
MKAN_RS09575,2246371,0.396070826
MKAN_RS24400,5626016,0.396070826
MKAN_RS21975,5043234,0.396070826
MKAN_RS05255,1229992,0.396070826
MKAN_RS15250,3491789,0.396070826
MKAN_RS13245,3031091,0.396070826
MKAN_RS28685,1356433,0.396070826
MKAN_RS25010,5746382,0.396070826
MKAN_RS28700,1705288,0.396070826
MKAN_RS07365,1741057,0.396070826
MKAN_RS17490,4013077,0.396070826
MKAN_RS23515,5440843,0.396070826
MKAN_RS23830,5507573,0.396070826
MKAN_RS21880,5023952,0.396070826
MKAN_RS14360,3285976,0.396070826
MKAN_RS15490,3547749,0.396070826
MKAN_RS15820,3625471,0.396070826
MKAN_RS23690,5479925,0.396070826
MKAN_RS15235,3486316,0.396070826
MKAN_RS26465,6109911,0.396070826
MKAN_RS01470,329502,0.396070826
MKAN_RS15995,3672118,0.396070826
MKAN_RS16340,3753298,0.396070826
MKAN_RS21180,4873622,0.396070826
MKAN_RS05495,1286578,0.396070826
MKAN_RS26340,6076705,0.396070826
MKAN_RS13900,3184954,0.396070826
MKAN_RS20055,4606530,0.396070826
MKAN_RS27495,6368929,0.396070826
MKAN_RS20780,4758484,0.396070826
MKAN_RS04750,1117983,0.396070826
MKAN_RS08560,2021725,0.396070826
MKAN_RS17715,4063944,0.396070826
MKAN_RS21785,5005507,0.396070826
MKAN_RS22495,5183153,0.396070826
MKAN_RS24380,5622620,0.396070826
MKAN_RS20880,4778636,0.396070826
MKAN_RS18290,4191475,0.396070826
MKAN_RS00160,38828,0.396070826
MKAN_RS12035,2787543,0.396070826
MKAN_RS00375,88991,0.396070826
MKAN_RS18295,4195572,0.396070826
MKAN_RS15635,3580839,0.396070826
MKAN_RS27550,6387136,0.396070826
MKAN_RS14640,3349080,0.396070826
MKAN_RS04715,1107460,0.396070826
MKAN_RS19465,4446839,0.396070826
MKAN_RS15245,3488232,0.396070826
MKAN_RS13470,3082004,0.396070826
MKAN_RS24980,5737496,0.396070826
MKAN_RS03505,826325,0.396070826
MKAN_RS25795,5942675,0.396070826
MKAN_RS30675,4536359,0.397066608
MKAN_RS04720,1110795,0.397329162
MKAN_RS21455,4944726,0.398317645
MKAN_RS03475,818207,0.398576379
MKAN_RS23265,5388249,0.398624074
MKAN_RS15935,3651756,0.398624074
MKAN_RS04440,1036485,0.398624074
MKAN_RS02230,519107,0.398711613
MKAN_RS23580,5453908,0.398711613
MKAN_RS11960,2768673,0.398711613
MKAN_RS18245,4171215,0.398711613
MKAN_RS03550,839631,0.398711613
MKAN_RS03730,885088,0.398711613
MKAN_RS06430,1504842,0.398751519
MKAN_RS03015,717826,0.398751519
MKAN_RS21425,4930743,0.398751519
MKAN_RS20295,4655373,0.398856146
MKAN_RS23965,5538294,0.398856146
MKAN_RS27235,6303019,0.398856146
MKAN_RS06850,1613858,0.398856146
MKAN_RS11695,2715603,0.398856146
MKAN_RS24170,5581699,0.398856146
MKAN_RS02525,606299,0.398856146
MKAN_RS09360,2201604,0.398856146
MKAN_RS15845,3631224,0.398856146
MKAN_RS26790,6181442,0.399099348
MKAN_RS24760,5697540,0.399152883
MKAN_RS26950,6222682,0.399152883
MKAN_RS03240,768215,0.399152883
MKAN_RS22990,5320747,0.399152883
MKAN_RS06920,1628439,0.399152883
MKAN_RS21025,4832974,0.399152883
MKAN_RS02455,588290,0.401459949
MKAN_RS08455,1995550,0.401693046
MKAN_RS02395,572633,0.401925067
MKAN_RS15955,3659691,0.402156018
MKAN_RS21950,5039414,0.403069142
MKAN_RS14985,3431322,0.403978031
MKAN_RS22050,5060575,0.404203173
MKAN_RS02605,623489,0.404418434
MKAN_RS27045,6259903,0.404418434
MKAN_RS10745,2508624,0.404418434
MKAN_RS13735,3143947,0.404418434
MKAN_RS00300,72731,0.404639668
MKAN_RS27440,6352730,0.404859871
MKAN_RS16570,3804942,0.405297198
MKAN_RS31455,1580972,0.405297198
MKAN_RS22520,5188255,0.406182764
MKAN_RS10445,2428618,0.406397603
MKAN_RS26140,6018699,0.406611432
MKAN_RS03295,780530,0.408735726
MKAN_RS15410,3531566,0.408735726
MKAN_RS20590,4719060,0.408735726
MKAN_RS07985,1876517,0.408735726
MKAN_RS26155,6023160,0.408735726
MKAN_RS06015,1409297,0.408735726
MKAN_RS03985,934768,0.408735726
MKAN_RS19025,4349462,0.408735726
MKAN_RS21920,5034688,0.408735726
MKAN_RS04525,1057006,0.408735726
MKAN_RS06640,1556501,0.408735726
MKAN_RS22025,5054172,0.408735726
MKAN_RS21135,4861334,0.408735726
MKAN_RS03055,725940,0.408735726
MKAN_RS07435,1765304,0.408735726
MKAN_RS14260,3267690,0.408735726
MKAN_RS25675,5908877,0.408735726
MKAN_RS13620,3123033,0.408735726
MKAN_RS27475,6363518,0.408735726
MKAN_RS23740,5490140,0.408735726
MKAN_RS09440,2218897,0.408735726
MKAN_RS08220,1948644,0.408735726
MKAN_RS13630,3124982,0.408735726
MKAN_RS27000,6248679,0.408735726
MKAN_RS08260,1956761,0.408735726
MKAN_RS17820,4083656,0.408735726
MKAN_RS19440,4440620,0.408735726
MKAN_RS23960,5536482,0.408735726
MKAN_RS03620,860800,0.408735726
MKAN_RS08970,2121071,0.408735726
MKAN_RS22120,5086590,0.408735726
MKAN_RS03030,720828,0.408735726
MKAN_RS20030,4597917,0.408735726
MKAN_RS14750,3374861,0.408925592
MKAN_RS03270,775270,0.409239266
MKAN_RS19900,4563207,0.409239266
MKAN_RS14950,3420137,0.409239266
MKAN_RS24865,5712842,0.409239266
MKAN_RS20410,4681013,0.409239266
MKAN_RS09060,2140429,0.409538549
MKAN_RS27655,6411124,0.409538549
MKAN_RS08485,2002726,0.409538549
MKAN_RS10405,2419484,0.409538549
MKAN_RS15000,3434034,0.409538549
MKAN_RS07875,1857818,0.409538549
MKAN_RS26635,6147315,0.409538549
MKAN_RS17945,4106446,0.409538549
MKAN_RS26700,6162058,0.409538549
MKAN_RS01300,287571,0.409538549
MKAN_RS10615,2478879,0.409538549
MKAN_RS27590,6399263,0.409538549
MKAN_RS03060,727478,0.409538549
MKAN_RS21145,4864752,0.409538549
MKAN_RS15940,3653217,0.409538549
MKAN_RS07035,1662603,0.409538549
MKAN_RS07845,1852042,0.409538549
MKAN_RS14450,3307185,0.409538549
MKAN_RS24585,5658561,0.409538549
MKAN_RS09550,2241386,0.409538549
MKAN_RS15340,3513088,0.409538549
MKAN_RS05410,1269695,0.409538549
MKAN_RS14270,3269957,0.409538549
MKAN_RS21730,4996683,0.409538549
MKAN_RS26695,6160425,0.409538549
MKAN_RS14790,3382819,0.409538549
MKAN_RS15475,3544201,0.409538549
MKAN_RS18370,4219103,0.409538549
MKAN_RS22380,5148986,0.409538549
MKAN_RS09505,2231242,0.412074898
MKAN_RS11090,2578612,0.412403295
MKAN_RS16095,3695066,0.412403295
MKAN_RS02945,699581,0.412728469
MKAN_RS23985,5541991,0.412728469
MKAN_RS23755,5492883,0.414643751
MKAN_RS09785,2288900,0.41596595
MKAN_RS10605,2476274,0.417281266
MKAN_RS18985,4341858,0.417432853
MKAN_RS25015,5747698,0.418458514
MKAN_RS00470,113655,0.418458514
MKAN_RS23020,5331607,0.418458514
MKAN_RS18395,4225560,0.419179999
MKAN_RS09775,2286305,0.419325671
MKAN_RS12845,2950057,0.42118365
MKAN_RS22845,5253470,0.42131617
MKAN_RS06340,1482857,0.42131617
MKAN_RS05635,1328022,0.42131617
MKAN_RS11605,2696561,0.42131617
MKAN_RS16575,3806428,0.42131617
MKAN_RS02920,694437,0.42159226
MKAN_RS00215,52442,0.42159226
MKAN_RS13835,3169783,0.423414935
MKAN_RS06385,1491965,0.424073739
MKAN_RS06730,1573465,0.424073739
MKAN_RS24085,5562065,0.424073739
MKAN_RS31345,5636860,0.424073739
MKAN_RS19340,4416777,0.424073739
MKAN_RS05510,1289796,0.424758346
MKAN_RS12815,2944118,0.424886282
MKAN_RS01485,333348,0.425566055
MKAN_RS21660,4984982,0.426242708
MKAN_RS04040,947539,0.427465488
MKAN_RS08935,2112709,0.428134512
MKAN_RS25910,5966724,0.428800457
MKAN_RS16505,3784630,0.428918353
MKAN_RS16000,3673752,0.428935556
MKAN_RS15030,3441591,0.428935556
MKAN_RS24695,5681807,0.428935556
MKAN_RS08020,1886525,0.428935556
MKAN_RS26430,6102322,0.428957296
MKAN_RS23615,5461820,0.429072178
MKAN_RS06125,1431857,0.430800975
MKAN_RS10465,2432936,0.431021703
MKAN_RS11000,2562000,0.431021703
MKAN_RS14170,3252188,0.431665562
MKAN_RS04555,1067192,0.432306449
MKAN_RS13510,3097460,0.434006522
MKAN_RS16280,3738718,0.434638762
MKAN_RS15775,3616225,0.437376391
MKAN_RS13075,3001640,0.437472262
MKAN_RS00310,76003,0.437567525
MKAN_RS00805,184608,0.438278542
MKAN_RS08685,2052527,0.438278542
MKAN_RS26150,6021019,0.442009069
MKAN_RS01660,363635,0.447247433
MKAN_RS18340,4210353,0.447323199
MKAN_RS01720,388092,0.44739841
MKAN_RS04850,1138304,0.448056577
MKAN_RS08330,1972088,0.448056577
MKAN_RS07275,1719066,0.448129229
MKAN_RS19500,4456868,0.448201336
MKAN_RS02770,660624,0.448343919
MKAN_RS13505,3092103,0.448343919
MKAN_RS25480,5853737,0.448918918
MKAN_RS27380,6338201,0.449625924
MKAN_RS08605,2033264,0.449625924
MKAN_RS25920,5970094,0.449625924
MKAN_RS02640,633878,0.450322467
MKAN_RS04020,943230,0.450322467
MKAN_RS13070,2999523,0.450322467
MKAN_RS13410,3063807,0.451380469
MKAN_RS00600,145507,0.458392367
MKAN_RS28905,4771735,0.458392367
MKAN_RS18655,4282827,0.458929351
MKAN_RS31160,3207987,0.469122846
MKAN_RS17620,4038788,0.469630042
MKAN_RS00395,95827,0.471563058
MKAN_RS17205,3953619,0.472557753
MKAN_RS12435,2869114,0.472557753
MKAN_RS19755,4527299,0.475406271
MKAN_RS04140,968558,0.476360144
MKAN_RS14595,3335621,0.476374298
MKAN_RS01240,270560,0.476388053
MKAN_RS22000,5048250,0.480117635
MKAN_RS09150,2157405,0.481047849
MKAN_RS26360,6083539,0.482432769
MKAN_RS00975,221274,0.484266723
MKAN_RS27310,6316888,0.48471819
MKAN_RS19920,4568836,0.48471819
MKAN_RS07110,1679980,0.485623257
MKAN_RS03555,841125,0.486064376
MKAN_RS01910,434929,0.486064376
MKAN_RS23500,5437576,0.488250104
MKAN_RS08690,2054452,0.488250104
MKAN_RS02260,525048,0.488250104
MKAN_RS19410,4433115,0.488250104
MKAN_RS25740,5927166,0.488250104
MKAN_RS29590,2525308,0.488250104
MKAN_RS06935,1633475,0.489569824
MKAN_RS04105,960527,0.489997128
MKAN_RS05320,1247159,0.490422222
MKAN_RS14040,3218242,0.492537436
MKAN_RS16765,3855703,0.492537436
MKAN_RS30480,3211031,0.492537436
MKAN_RS12255,2837765,0.492537436
MKAN_RS21175,4871202,0.493385821
MKAN_RS18420,4235264,0.49682548
MKAN_RS19605,4487048,0.498085905
MKAN_RS14445,3304666,0.504874895
MKAN_RS19055,4356177,0.505252435
MKAN_RS27300,6312522,0.50982657
MKAN_RS22885,5272513,0.515843856
MKAN_RS26975,6234681,0.516398735
MKAN_RS01695,370948,0.517917342
MKAN_RS05150,1208557,0.522324623
MKAN_RS06810,1596836,0.532261706
MKAN_RS17710,4061090,0.533745581
MKAN_RS03210,759833,0.538352184
MKAN_RS25955,5976366,0.542125667
MKAN_RS20375,4672084,0.545089073
MKAN_RS05590,1316516,0.547519534
MKAN_RS04940,1157572,0.547519534
MKAN_RS04205,984860,0.54853313
MKAN_RS17310,3975489,0.549916606
MKAN_RS01790,407525,0.551290054
MKAN_RS16860,3874612,0.557105029
MKAN_RS10980,2555388,0.576091385
MKAN_RS23075,5348831,0.587405916
MKAN_RS13465,3078726,0.590629446
MKAN_RS18405,4230553,0.591787751
MKAN_RS19545,4470945,0.593273986
MKAN_RS25405,5834874,0.598413838
MKAN_RS22080,5068052,0.60346796
MKAN_RS04685,1091113,0.611967958
MKAN_RS18590,4266307,0.614909482
MKAN_RS14045,3220650,0.618754278
MKAN_RS02270,529066,0.619753101
MKAN_RS01760,397477,0.619813958
MKAN_RS17125,3936306,0.647335858
MKAN_RS01295,283540,0.656951891
MKAN_RS16190,3718767,0.659138831
MKAN_RS15965,3661975,0.678940577
MKAN_RS06815,1603354,0.694803993
MKAN_RS04690,1094637,0.704608347
MKAN_RS22375,5139388,0.723789215
MKAN_RS05305,1238862,0.723789215
MKAN_RS28595,496243,0.890488237
MKAN_RS25565,5870146,0.961740808
