Sample,Transitions/Transversions,Transition_proportion,Most_common_mutation_type,C>A,C>G,C>T,T>A,T>C,T>G,C>A_variance,C>G_variance,C>T_variance,T>A_variance,T>C_variance,T>G_variance,Sum_variance
M_abscessus_DCCs,1.539322034,0.6061941,C>T,0.131357629,0.119476705,0.318115071,0.050994527,0.288079028,0.091977039,1.22E-05,2.63E-06,1.98E-05,2.02E-06,3.04E-05,7.58E-06,7.58E-06
M_abscessus_environmental,3.45447424,0.775506615,T>C,0.046721061,0.084492939,0.283338299,0.021536309,0.492168317,0.071743076,1.01E-06,3.80E-06,1.66E-05,1.93E-07,0.000136225,5.14E-06,5.14E-06
M_tuberculosis_lineage1,2.199471091,0.68744834,C>T,0.110016884,0.089119823,0.466552691,0.027000869,0.220895649,0.086414084,4.68E-06,3.25E-06,2.95E-05,5.52E-07,2.99E-05,1.21E-05,1.21E-05
M_tuberculosis_lineage2,1.856690333,0.649944557,C>T,0.087829312,0.100237066,0.363935304,0.030187741,0.286009253,0.131801323,2.34E-06,3.67E-06,7.73E-06,7.36E-07,2.89E-05,2.09E-05,2.09E-05
M_tuberculosis_lineage3,1.879947011,0.652771389,C>T,0.099931003,0.109619365,0.413954692,0.027138914,0.238816697,0.110539328,2.99E-06,3.19E-06,1.49E-05,1.28E-06,3.84E-05,2.15E-05,2.15E-05
M_tuberculosis_lineage4,1.812003639,0.644381684,C>T,0.090760447,0.111255869,0.398865057,0.028705833,0.245516626,0.124896168,1.84E-06,3.49E-06,1.37E-05,8.04E-07,3.07E-05,2.07E-05,2.07E-05
M_tuberculosis_lineage5,1.912743861,0.656681106,C>T,0.110063312,0.102165945,0.434921693,0.027290903,0.221759414,0.103798734,2.46E-06,3.39E-06,3.30E-05,2.09E-06,2.19E-05,9.74E-06,9.74E-06
M_tuberculosis_lineage6,2.466819222,0.711551155,C>T,0.117409241,0.081353135,0.492739274,0.017491749,0.218811881,0.072194719,4.95E-06,1.88E-06,6.19E-05,4.25E-07,4.11E-05,3.88E-06,3.88E-06
M_tuberculosis_lineage7,1.243027888,0.554174067,C>T,0.123544504,0.06749556,0.326425893,0.032168936,0.227748174,0.222616933,6.37E-06,3.63E-06,1.94E-05,3.69E-06,5.79E-05,5.76E-05,5.76E-05
M_tuberculosis_orygis,2.32506643,0.699254129,T>C,0.05594033,0.099360682,0.31752797,0.045285029,0.381726159,0.10015983,1.94E-06,4.85E-06,2.01E-05,3.07E-06,0.000143378,2.07E-05,2.07E-05
M_tuberculosis_caprae,2.477121627,0.712405804,T>C,0.071195591,0.078956248,0.337307389,0.033629513,0.375098414,0.103812844,4.49E-06,4.81E-06,2.63E-05,3.90E-06,9.32E-05,1.30E-05,1.30E-05
M_tuberculosis_bovis,2.768316951,0.734629541,C>T,0.06162586,0.075756121,0.384397504,0.025892143,0.350232037,0.102096335,1.57E-06,7.29E-07,2.05E-05,8.60E-07,0.000105153,1.18E-05,1.18E-05
M_canettii,2.34435389,0.700988582,T>C,0.05218003,0.092150385,0.245411951,0.046514841,0.455576631,0.108166162,4.39E-07,2.30E-06,1.48E-05,2.70E-06,0.000154773,1.71E-05,1.71E-05
M_leprae,2.271303019,0.694311412,C>T,0.141922673,0.092862983,0.519448663,0.016119612,0.17486275,0.05478332,9.34E-06,6.59E-06,4.78E-05,4.69E-07,2.01E-05,5.11E-06,5.11E-06
M_avium,2.212302985,0.688696862,T>C,0.048033797,0.153194887,0.250953378,0.025461099,0.437743484,0.084613355,8.74E-07,1.48E-05,3.03E-05,3.80E-07,9.31E-05,4.88E-06,4.88E-06
M_intracellulare,2.031285806,0.67010699,T>C,0.046656167,0.154443057,0.218263184,0.0305545,0.451843806,0.098239287,7.17E-07,1.67E-05,2.84E-05,5.15E-07,0.00010317,8.77E-06,8.77E-06
M_chimaera,1.484063229,0.597433758,T>C,0.07375339,0.145316086,0.24045483,0.062591279,0.356978928,0.120905487,1.49E-06,1.01E-05,2.50E-06,5.29E-06,8.28E-05,1.83E-05,1.83E-05
M_kansasii_non_MKMC,1.986826077,0.665196441,T>C,0.064317327,0.117426703,0.258251137,0.048185128,0.406945305,0.104874401,9.33E-07,4.75E-06,2.36E-05,1.72E-06,8.20E-05,1.34E-05,1.34E-05
M_kansasii_MKMC,1.517231222,0.602738123,T>C,0.099110695,0.10449333,0.284811608,0.075473906,0.317926515,0.118183946,4.54E-06,4.85E-06,9.95E-06,8.38E-06,5.52E-05,7.04E-06,7.04E-06
P_aeruginosa_ST17,2.098208361,0.677232812,C>T,0.115870636,0.055472264,0.423431142,0.075390876,0.253801671,0.076033412,6.59E-06,3.75E-06,3.82E-05,2.15E-05,6.21E-05,2.59E-05,2.59E-05
P_aeruginosa_ST111,2.647916667,0.725870931,C>T,0.098800685,0.04882924,0.407481439,0.04368932,0.318389492,0.082809823,1.42E-05,1.24E-06,4.56E-05,6.78E-06,0.000126361,2.11E-05,2.11E-05
P_aeruginosa_ST146,1.639056225,0.62107666,C>T,0.136960243,0.096252616,0.400989157,0.068480122,0.220087502,0.07723036,1.51E-05,6.56E-06,5.32E-05,5.52E-06,4.56E-05,2.11E-05,2.11E-05
P_aeruginosa_ST175,1.508433735,0.601344861,C>T,0.107108549,0.089817483,0.360230548,0.089337176,0.241114313,0.112391931,5.64E-06,7.16E-06,4.87E-05,2.37E-05,3.61E-05,4.83E-05,4.83E-05
P_aeruginosa_ST253,2.024878641,0.669408225,C>T,0.085055165,0.062788365,0.354663992,0.07442327,0.314744233,0.108324975,3.41E-06,2.15E-06,1.58E-05,1.05E-05,8.62E-05,1.23E-05,1.23E-05
B_cenocepacia_ECs,2.247804878,0.69209973,C>T,0.08260739,0.100931211,0.387804145,0.055271853,0.304295584,0.069089817,7.49E-06,1.16E-05,2.25E-05,5.78E-06,0.000133243,1.36E-05,1.36E-05
B_pseudomallei_group1,4.864509169,0.829482746,T>C,0.032852623,0.057574866,0.314417629,0.019075123,0.515065117,0.061014642,1.00E-06,7.25E-06,6.74E-05,2.46E-07,0.000264627,5.73E-06,5.73E-06
B_pseudomallei_group2,4.342807507,0.812832486,T>C,0.041137621,0.060758947,0.334306137,0.019695952,0.478526348,0.065574994,2.84E-06,7.10E-06,0.000174884,4.58E-07,0.000262438,4.49E-06,4.49E-06
B_pseudomallei_group3,4.346950705,0.812977516,T>C,0.04142019,0.056882918,0.327207356,0.022094817,0.48577016,0.066624558,4.89E-06,1.29E-05,0.000225641,5.91E-07,0.000278969,6.27E-06,6.27E-06
B_pseudomallei_group4,4.575002711,0.82062789,T>C,0.040729702,0.056234897,0.347848283,0.020926422,0.472779606,0.061481089,3.66E-06,7.76E-06,0.000199708,7.17E-07,0.000317683,4.31E-06,4.31E-06
B_pseudomallei_group5,4.496283129,0.818058863,T>C,0.039252007,0.054167349,0.300684232,0.023185776,0.517374631,0.065336005,3.32E-06,5.89E-06,0.000150693,1.41E-06,0.00028145,5.11E-06,5.11E-06
S_pneumoniae_GPSC1,3.014992586,0.750933538,C>T,0.150925331,0.025427786,0.583991027,0.023225595,0.16694251,0.049487751,1.25E-05,8.42E-07,5.63E-05,2.84E-07,1.15E-05,1.34E-06,1.34E-06
S_pneumoniae_GPSC2,2.144357291,0.681969984,C>T,0.212159163,0.030148451,0.552090333,0.03173682,0.129879651,0.043985583,3.90E-05,1.06E-06,7.41E-05,1.95E-06,8.62E-06,2.32E-06,2.32E-06
S_pneumoniae_GPSC3,2.990088467,0.74937899,C>T,0.161893617,0.021576235,0.604699144,0.021648088,0.144679846,0.045503069,2.92E-05,1.04E-06,5.92E-05,1.01E-06,1.20E-05,1.82E-06,1.82E-06
S_pneumoniae_GPSC6,2.995088598,0.74969266,C>T,0.15040376,0.027335181,0.583030011,0.024466675,0.166662649,0.048101724,1.38E-05,1.29E-06,0.000114076,4.79E-07,9.26E-06,1.67E-06,1.67E-06
S_pneumoniae_GPSC54,2.796131649,0.736573941,C>T,0.154743806,0.027406829,0.560833299,0.029543493,0.175740642,0.051731931,2.67E-05,1.45E-06,0.000465921,2.01E-06,1.94E-05,3.37E-06,3.37E-06
S_agalactiae_CC1,2.503903096,0.714603979,C>T,0.171083967,0.029538296,0.58352539,0.042694169,0.13107859,0.042079588,1.59E-05,1.15E-06,0.000179413,1.72E-06,5.51E-06,1.83E-06,1.83E-06
S_agalactiae_CC10,2.96632214,0.747877261,C>T,0.155792177,0.017455706,0.610438512,0.037454958,0.137438749,0.041419897,1.11E-05,5.35E-07,0.000109359,1.56E-06,7.35E-06,1.07E-06,1.07E-06
S_agalactiae_CC17,2.567944197,0.719726558,C>T,0.182401415,0.019251026,0.598546095,0.038996224,0.121180464,0.039624776,2.39E-05,3.03E-07,0.000158732,1.35E-06,4.96E-06,2.77E-06,2.77E-06
S_agalactiae_CC19,2.803406346,0.737077791,C>T,0.156851152,0.030420978,0.626397329,0.0374172,0.110680462,0.038232879,1.60E-05,2.91E-06,0.00035508,1.20E-06,6.84E-06,8.96E-07,8.96E-07
S_agalactiae_CC23,2.793812549,0.736412913,C>T,0.161479162,0.021055167,0.614165261,0.04544688,0.122247651,0.035605878,1.83E-05,9.40E-07,0.000121304,4.01E-06,3.99E-06,1.88E-06,1.88E-06
S_equi,3.473103171,0.776441553,C>T,0.072560018,0.033161319,0.559255104,0.058559569,0.217186448,0.059277541,2.89E-06,1.68E-06,0.000156791,4.78E-06,3.76E-05,9.90E-06,9.90E-06
S_pyogenes_phylogroup0,3.319710598,0.76850301,C>T,0.128015934,0.030374361,0.60382056,0.031506043,0.16468245,0.041600652,7.81E-06,1.30E-06,0.00019892,1.32E-06,1.34E-05,1.99E-06,1.99E-06
S_pyogenes_phylogroup1,4.500174398,0.818187583,C>T,0.086562242,0.03887374,0.619189549,0.023273511,0.198998034,0.033102923,3.92E-06,2.93E-06,0.000181222,1.36E-06,2.73E-05,1.22E-06,1.22E-06
S_pyogenes_phylogroup2,4.040186916,0.80159466,C>T,0.081772668,0.041906175,0.59985166,0.035601706,0.201743,0.039124791,1.03E-05,2.17E-06,0.000187218,4.03E-06,4.41E-05,1.24E-06,1.24E-06
S_pyogenes_phylogroup3,2.479781421,0.712625628,C>T,0.189305905,0.035175879,0.540593593,0.034390704,0.172032035,0.028501884,4.24E-05,3.89E-06,0.000119733,2.24E-06,1.49E-05,1.70E-06,1.70E-06
S_aureus_ST22,3.470116816,0.7762922,C>T,0.14066061,0.021361937,0.560029171,0.029292899,0.216263028,0.032392355,6.63E-06,1.30E-06,0.000201326,1.48E-06,7.36E-05,1.92E-06,1.92E-06
S_aureus_ST239,2.235465116,0.690925427,C>T,0.167789757,0.042752321,0.500935909,0.0622941,0.189989518,0.036238395,7.98E-06,3.13E-06,0.00014768,1.84E-06,3.37E-05,9.52E-07,9.52E-07
S_aureus_ST772,2.900997639,0.743655318,C>T,0.136557083,0.045506013,0.544412775,0.039044198,0.199242543,0.035237389,8.09E-06,3.55E-06,0.000179787,8.34E-07,4.11E-05,8.99E-07,8.99E-07
S_aureus_CC398,2.461015541,0.711067463,C>T,0.151915522,0.045251298,0.531739065,0.05445629,0.179328399,0.037309427,5.53E-06,2.03E-06,0.000116808,1.04E-06,3.80E-05,1.66E-06,1.66E-06
S_epidermidis_groupA,2.282682948,0.695371129,C>T,0.144044359,0.035649206,0.527791555,0.082444686,0.167579574,0.042490619,3.78E-06,7.93E-07,7.81E-05,3.33E-06,1.01E-05,7.79E-07,7.79E-07
S_epidermidis_groupB,2.371863961,0.70342813,C>T,0.126204817,0.032794025,0.520752019,0.096103912,0.182676111,0.041469116,1.39E-05,1.02E-06,0.000144501,1.87E-05,1.28E-05,1.61E-06,1.61E-06
S_epidermidis_groupC,2.294976679,0.696507715,C>T,0.119874002,0.03342922,0.515281186,0.109548789,0.18122653,0.040640274,1.01E-05,7.55E-07,0.000148074,1.93E-05,1.62E-05,1.13E-06,1.13E-06
S_haemolyticus,2.252001617,0.692497078,C>T,0.146784047,0.032362621,0.518498255,0.082523024,0.173998823,0.04583323,1.03E-05,9.56E-07,7.05E-05,4.12E-06,1.00E-05,1.28E-06,1.28E-06
S_typhimurium,2.480099194,0.712651869,C>T,0.149178751,0.03124666,0.490469234,0.038372466,0.222182634,0.068550255,1.76E-05,2.21E-06,7.32E-05,4.44E-06,4.82E-05,1.52E-05,1.52E-05
E_faecalis_pp2,1.898996397,0.655053038,C>T,0.177133727,0.039767432,0.476942879,0.079135413,0.178110159,0.04891039,9.62E-06,1.92E-06,6.29E-05,3.74E-06,9.51E-06,5.22E-06,5.22E-06
E_faecalis_pp6,1.922740247,0.657855329,C>T,0.192785989,0.048440654,0.40751351,0.068494043,0.250341819,0.032423986,1.67E-05,1.83E-06,5.05E-05,4.73E-06,4.44E-05,6.14E-07,6.14E-07
E_faecalis_pp7,2.073486786,0.674636636,C>T,0.182902474,0.045489848,0.490291801,0.060024409,0.184344835,0.036946633,1.10E-05,2.04E-06,4.46E-05,1.94E-06,2.52E-05,3.93E-06,3.93E-06
C_jejuni_cluster2,10.68638132,0.914430312,C>T,0.037068134,0.016007945,0.623649719,0.017273177,0.290780594,0.015220431,3.50E-06,4.61E-07,0.000770348,4.00E-07,0.00023181,3.33E-07,3.33E-07
C_jejuni_cluster5,10.93933092,0.916243213,C>T,0.036276512,0.015656843,0.618296203,0.016566267,0.29794701,0.015257166,3.47E-06,5.58E-07,0.000680062,5.76E-07,0.000230713,3.65E-07,3.65E-07
C_jejuni_cluster6,11.61203704,0.920710667,C>T,0.031407386,0.017707951,0.623610601,0.014286763,0.297100066,0.015887233,1.70E-06,1.74E-06,0.000763714,4.57E-07,0.00024214,5.28E-07,5.28E-07
C_jejuni_cluster7,10.30918811,0.911576323,C>T,0.035892911,0.016197428,0.592965152,0.023113599,0.31861117,0.013219739,3.74E-06,5.36E-07,0.000691136,1.54E-06,0.000292161,4.55E-07,4.55E-07
C_jejuni_cluster8,10.17018521,0.91047597,C>T,0.038804182,0.014335131,0.592302291,0.021713336,0.318173678,0.014671382,4.68E-06,2.42E-07,0.000644741,1.41E-06,0.000301972,4.59E-07,4.59E-07
K_pneumoniae_ST11,1.526128869,0.604137377,C>T,0.169779742,0.043984736,0.42706032,0.105308964,0.177077057,0.076789181,6.85E-06,2.04E-06,2.86E-05,7.09E-06,2.59E-05,5.93E-06,5.93E-06
K_pneumoniae_ST23,1.225071225,0.550576184,C>T,0.1622208,0.033112818,0.411758429,0.140596102,0.138817755,0.113494096,1.86E-05,1.76E-06,0.000231911,3.49E-05,1.51E-05,3.89E-05,3.89E-05
K_pneumoniae_ST101,1.200837494,0.545627516,C>T,0.200804976,0.045078668,0.370874497,0.140065862,0.174753019,0.068422978,9.50E-06,7.88E-07,1.32E-05,2.10E-05,3.11E-05,5.45E-06,5.45E-06
K_pneumoniae_ST147,1.187298578,0.542815046,C>T,0.199947998,0.049661986,0.378921824,0.126018374,0.163893222,0.081556596,5.78E-06,1.44E-06,1.12E-05,9.97E-06,8.96E-06,8.45E-06,8.45E-06
K_pneumoniae_ST258_512,1.126531105,0.529750589,C>T,0.203756774,0.046278694,0.323269869,0.116363533,0.20648072,0.10385041,3.17E-06,1.51E-06,1.57E-05,8.59E-06,4.70E-05,1.95E-05,1.95E-05
N_gonorrhoea,4.027672062,0.80110079,T>C,0.053743214,0.049142788,0.363155989,0.017565599,0.437944801,0.078447609,1.22E-06,2.43E-06,3.43E-05,4.03E-07,0.000150763,2.38E-05,2.38E-05
N_meningitidis_cluster1,3.616567601,0.783388854,C>T,0.101162862,0.035601153,0.570476794,0.016880914,0.21291206,0.062966218,1.50E-05,3.69E-06,0.000369149,1.22E-06,3.98E-05,4.67E-06,4.67E-06
N_meningitidis_cluster2,4.973847075,0.832603683,C>T,0.076262407,0.027036059,0.530227584,0.009591284,0.302376099,0.054506567,6.88E-06,8.43E-07,0.000179409,2.47E-07,0.000100434,9.31E-06,9.31E-06
N_meningitidis_urethritis,3.780515118,0.790817522,C>T,0.073202155,0.04040759,0.534902788,0.015460295,0.255914734,0.080112439,1.16E-05,2.18E-06,7.99E-05,8.39E-07,6.78E-05,1.51E-05,1.51E-05
L_pneumophila_ST1,1.934547461,0.659231955,C>T,0.13205702,0.065182232,0.453417084,0.092526423,0.205814872,0.05100237,1.05E-05,2.51E-06,0.000125814,5.97E-06,0.000118247,2.59E-06,2.59E-06
L_pneumophila_environmental,3.489094824,0.777237942,C>T,0.103217466,0.033738557,0.600183498,0.048752007,0.177054445,0.037054028,7.09E-06,1.60E-06,0.000253711,3.32E-06,3.29E-05,1.20E-06,1.20E-06
Y_pestis,1.373179307,0.578624339,C>T,0.207760141,0.034144621,0.419823633,0.049382716,0.158800705,0.130088183,4.41E-05,2.12E-06,3.40E-05,9.00E-06,1.13E-05,6.95E-05,6.95E-05
C_acnes,2.927975165,0.745415906,C>T,0.06093171,0.072608199,0.427061698,0.029598431,0.318354208,0.091445755,5.73E-07,1.75E-06,1.20E-05,3.40E-07,1.87E-05,2.21E-05,2.21E-05
E_coli_lineage11,2.151319064,0.682672564,C>T,0.146066972,0.027681251,0.487403254,0.05674459,0.19526931,0.086834623,6.80E-06,1.80E-06,0.000115768,6.18E-06,2.71E-05,6.77E-06,6.77E-06
E_coli_lineage12,2.438791875,0.709200197,C>T,0.1255538,0.029199161,0.536751561,0.065860041,0.172448636,0.070186802,4.78E-06,9.06E-07,7.35E-05,7.98E-06,2.81E-05,6.35E-06,6.35E-06
E_coli_lineage14,2.338542891,0.700468129,C>T,0.106050473,0.028967653,0.481116469,0.068635388,0.21935166,0.095878357,8.17E-06,2.18E-06,0.000112812,2.29E-05,5.92E-05,1.19E-05,1.19E-05
E_coli_lineage34,2.124642207,0.679963358,C>T,0.123500999,0.032145237,0.49467022,0.077698201,0.185293138,0.086692205,6.25E-06,1.94E-06,6.00E-05,2.00E-05,2.97E-05,1.98E-05,1.98E-05
S_sonnei_lineage1,2.969378828,0.748071413,C>T,0.111747851,0.030636985,0.58981706,0.055322901,0.158254353,0.054220851,8.58E-06,3.07E-06,0.000267177,3.63E-06,2.31E-05,5.58E-06,5.58E-06
S_sonnei_lineage2,3.455081967,0.775537239,C>T,0.086399764,0.029143362,0.575949367,0.047100383,0.199587872,0.061819252,4.87E-06,1.23E-06,0.000294288,1.63E-05,5.86E-05,1.19E-05,1.19E-05
S_sonnei_lineage3,2.272134523,0.694389093,C>T,0.134137389,0.031463031,0.528998427,0.066072365,0.165390666,0.073938123,1.37E-05,1.93E-06,0.000115989,2.81E-05,3.43E-05,1.77E-05,1.77E-05
S_flexneri_PG3,2.344039767,0.700960494,C>T,0.132182265,0.026327826,0.482276599,0.063918587,0.218683895,0.076610828,1.44E-05,8.34E-07,7.09E-05,1.31E-05,5.08E-05,7.99E-06,7.99E-06
H_influenzae_Hib,3.036624204,0.752268245,C>T,0.114990138,0.037541091,0.519197896,0.038330046,0.233070348,0.05687048,2.38E-05,2.22E-06,9.05E-05,1.37E-05,8.43E-05,9.79E-06,9.79E-06