Mutation,Sample,AXA,AXC,AXG,AXT,CXA,CXC,CXG,CXT,GXA,GXC,GXG,GXT,TXA,TXC,TXG,TXT
T>C,M_abscessus_DCCs,0.05329008341056526,0.04726598702502317,0.05329008341056526,0.04031510658016665,0.07182576459684888,0.06255792400370706,0.06209453197405001,0.046802594995366126,0.07136237256719183,0.10287303058387406,0.09267840593141813,0.07182576459684888,0.0732159406858204,0.0245597775718257,0.06441149212233564,0.061631139944392954
T>C,M_abscessus_environmental,0.08916129135479199,0.03479042283416489,0.07555390822282729,0.056944085201470804,0.08567878256185713,0.031027926733988097,0.05675476045085946,0.05523482935440253,0.08408152163768573,0.04519528448043687,0.07768714484943356,0.06016260596186299,0.11330419687640833,0.025009532901175087,0.05875733633408625,0.0506563702445489
T>C,M_tuberculosis_lineage1,0.07781118075988216,0.0729179992324422,0.12856594601509547,0.0548803888959957,0.045253933734168944,0.038729691697582176,0.05244978892158122,0.04263144428808984,0.07531661762824612,0.06098887041064359,0.08663809645644123,0.06888832032749145,0.0725662018677244,0.031373928617116284,0.06313163617756182,0.027855954969937414
T>C,M_tuberculosis_lineage2,0.06483957219251343,0.07125668449197878,0.07179144385026731,0.050066844919786045,0.04237967914438511,0.055080213903743215,0.0564171122994651,0.05628342245989287,0.10401069518716588,0.07272727272727289,0.09699197860962572,0.06691176470588238,0.05909090909090922,0.03629679144385016,0.05975935828876999,0.03609625668449199
T>C,M_tuberculosis_lineage3,0.07379318646924274,0.04971710605513421,0.0763211749127243,0.04706873720958209,0.056458408571084646,0.028770916094859596,0.04815216082821704,0.03178042614662337,0.09678584326471672,0.07054291561333828,0.11496328397736867,0.07668231611893596,0.09136872517154235,0.03659564222944499,0.07367280606717218,0.02732635127001298
T>C,M_tuberculosis_lineage4,0.08618540546315746,0.055058940845471825,0.08362121158160904,0.04319954414331004,0.04572812422094795,0.037323266498094684,0.056732789629260136,0.03543573489084337,0.09423412514690692,0.07468214680009988,0.10655650129990403,0.07589301613305328,0.06976744186046523,0.03678905943943878,0.05919014209907745,0.0396025499483599
T>C,M_tuberculosis_lineage5,0.06611570247933873,0.07017280240420737,0.09842223891810702,0.048234410217881205,0.04522915101427504,0.0288504883546206,0.05860255447032287,0.05409466566491363,0.08204357625845256,0.0692712246431257,0.09737039819684452,0.07137490608564974,0.07888805409466561,0.031104432757325,0.06280991735537186,0.03741547708489848
T>C,M_tuberculosis_lineage6,0.10746606334841671,0.047511312217194346,0.0953996983408749,0.06108597285067871,0.05505279034690804,0.04562594268476604,0.06561085972850683,0.012820512820512855,0.11877828054298654,0.05656108597285059,0.09389140271493235,0.07993966817496224,0.03996983408748112,0.04110105580693792,0.05015082956259417,0.02903469079939657
T>C,M_tuberculosis_lineage7,0.027729636048526594,0.051993067590987645,0.11351819757365719,0.06239168110918561,0.053726169844020635,0.015597920277296073,0.03726169844020806,0.09012131715771264,0.08492201039861366,0.09792027729636069,0.13171577123050277,0.05459272097053713,0.046793760831889096,0.04332755632582311,0.06932409012131716,0.01906412478336206
T>C,M_tuberculosis_orygis,0.09036985345429187,0.04954640614096304,0.054780181437543526,0.04361479413817165,0.04780181437543604,0.022330774598743743,0.03419399860432652,0.03175157013258888,0.08408932309839501,0.0959525471039778,0.06559665038381021,0.10956036287508732,0.13363572923935807,0.05303558967201679,0.04431263084438229,0.03942777390090727
T>C,M_tuberculosis_caprae,0.08695652173913049,0.06806596701649169,0.06506746626686667,0.05577211394302853,0.044677661169415225,0.042578710644677525,0.04377811094452763,0.03328335832083939,0.06656671664167904,0.12383808095952048,0.09805097451274379,0.08485757121439277,0.04887556221889063,0.06806596701649169,0.03928035982008997,0.030284857571214366
T>C,M_tuberculosis_bovis,0.05574339760577534,0.06981632093575804,0.05546924974869773,0.052545005939870146,0.0365530476103445,0.042218769989947835,0.03673581284839605,0.03125285570684454,0.0874531664077493,0.13675408937220151,0.09924152426208542,0.09832769807182683,0.04660513570318921,0.06625239879374949,0.04756465320296082,0.03746687380060308
T>C,M_canettii,0.0802635932502483,0.03088121760229389,0.07265357891254,0.05798500055145039,0.10419653689202617,0.03245285099812499,0.060769824638800124,0.05580677180985986,0.0868809970221683,0.04042130804014554,0.07654130362854311,0.057598985331421715,0.12335943531487832,0.022471600308812036,0.05503474136980251,0.04268225432888492
T>C,M_leprae,0.13360053440213784,0.08951235804943253,0.07214428857715464,0.05076820307281234,0.03406813627254482,0.08684034736138938,0.054108216432865834,0.02738810955243781,0.05076820307281234,0.06546426185704764,0.0614562458249832,0.07748830995323978,0.05344021376085491,0.04609218436873754,0.0501002004008014,0.04676018704074791
T>C,M_avium,0.10094435986646676,0.04374268639659985,0.0814662038142276,0.07663286591498797,0.054317325266029254,0.030174117573390464,0.03675293620385336,0.0624537701992431,0.06845728464250903,0.045996939538269464,0.07734906092353941,0.09184516098733149,0.08422140209849059,0.030424590144687038,0.047953756501524426,0.06726753992885018
T>C,M_intracellulare,0.09240125964566469,0.04155869131469509,0.08229524748191058,0.07316522031779601,0.0521695233058487,0.02667852592610389,0.038164378951417034,0.06423231327676153,0.0618284093367629,0.04251544508281438,0.07879997115315275,0.0826558330729104,0.09997355705666014,0.030938243707781476,0.05501093776292698,0.07761244260679345
T>C,M_chimaera,0.05143191116306242,0.03243717124488608,0.07627118644067803,0.05230859146697846,0.1271186440677968,0.029222676797194626,0.06633547632963184,0.0488018702513149,0.05698421975452959,0.058153126826417156,0.09351256575102287,0.07042665108123905,0.08883693746347174,0.036820572764465105,0.07013442431326722,0.04120397428404442
T>C,M_kansasii_non_MKMC,0.08889796221372637,0.038417282209272,0.07386511265357637,0.05556586615196158,0.09246130433168787,0.03244126053227423,0.057421773505066505,0.061319178946586964,0.07612931962436431,0.04907019041609448,0.0792843621246428,0.06644148324115669,0.10467317471511832,0.025908466649344854,0.050592034445640435,0.047511228239486246
T>C,M_kansasii_MKMC,0.06882591093117411,0.033492822966507185,0.0758189179241811,0.05299963194700038,0.0828119249171881,0.04011777695988223,0.07692307692307696,0.06993006993006996,0.09532572690467431,0.05115936694884066,0.07949944792050058,0.04343025395656976,0.10526315789473686,0.027235921972764084,0.06514538093485464,0.0320206109679794
T>C,P_aeruginosa_ST17,0.06582278481012659,0.03797468354430375,0.04135021097046406,0.08523206751054845,0.07088607594936723,0.05654008438818564,0.044725738396624366,0.02784810126582283,0.09873417721519007,0.11814345991561194,0.09113924050632907,0.0725738396624472,0.10548523206751069,0.016033755274261558,0.04556962025316435,0.021940928270042192
T>C,P_aeruginosa_ST111,0.09327354260089682,0.050224215246636845,0.009865470852017727,0.09058295964125565,0.00807174887892351,0.03139013452914803,0.04484304932735419,0.08251121076233182,0.07713004484304949,0.09596412556053831,0.07354260089686106,0.08071748878923761,0.13991031390134553,0.02959641255605381,0.04484304932735419,0.047533632286995364
T>C,P_aeruginosa_ST146,0.033707865168539235,0.038893690579083866,0.033707865168539235,0.07000864304235078,0.04840103716508222,0.07605877268798635,0.06309420916162475,0.07000864304235078,0.07951598962834913,0.10285220397579954,0.09334485738980118,0.1356957649092483,0.05358686257562685,0.03543647363872062,0.050129645635263606,0.015557476231633456
T>C,P_aeruginosa_ST175,0.05179282868525893,0.055776892430278786,0.0836653386454186,0.05976095617529864,0.017928286852589344,0.04780876494023908,0.0697211155378487,0.06573705179282884,0.07370517928286854,0.07370517928286854,0.09362549800796822,0.05976095617529864,0.12350597609561796,0.03784860557768902,0.049800796812749,0.035856573705179105
T>C,P_aeruginosa_ST253,0.0917782026768644,0.04971319311663491,0.06500956022944543,0.07074569789674966,0.0535372848948373,0.0490758444869343,0.02995538559592075,0.05608667941363911,0.10197578075207163,0.0936902485659656,0.11663479923518184,0.0930528999362653,0.019757807520713842,0.04652644996813249,0.04015296367112798,0.02230720203951565
T>C,B_cenocepacia_ECs,0.04837117472852912,0.05034550839091802,0.05034550839091802,0.05034550839091802,0.06811451135241875,0.018756169792695013,0.07403751233958544,0.03455083909180652,0.061204343534057126,0.08785784797630805,0.10365251727541955,0.08390918065153025,0.17275419545903292,0.035538005923000805,0.0424481737413621,0.017769002961500403
T>C,B_pseudomallei_group1,0.0888182564908396,0.026177636512981637,0.09388950394628767,0.03953430234634473,0.028784686261204846,0.01853505231955993,0.06253348094710902,0.047176886539766434,0.06317631513160253,0.0503196314417342,0.12210278204349859,0.08285418377915073,0.10485339809292528,0.024570551051748168,0.0899253598085783,0.056747973286668266
T>C,B_pseudomallei_group2,0.04906290902002284,0.02540310228633489,0.038792503272160064,0.03094488846807201,0.15953660642178868,0.060062936868194514,0.06333788186805538,0.053379375643988904,0.08138349717341072,0.05259405720014482,0.07067309031162118,0.058230527165891575,0.11445598596452146,0.034303377983235434,0.06787156423180811,0.039967696120749574
T>C,B_pseudomallei_group3,0.03710742148429689,0.019153830766153176,0.029480896179235862,0.03778255651130225,0.14560412082416502,0.04500900180036005,0.056036207241448276,0.0674884976995399,0.06721344268853777,0.04270854170834161,0.062212442488497666,0.06868873774754956,0.13632726545309073,0.047184436887377404,0.0670634126825365,0.07093918783756745
T>C,B_pseudomallei_group4,0.050751763713774496,0.0216170632880148,0.034790925358398915,0.03239474279602624,0.15108290997346732,0.06196137312573267,0.06125177399781983,0.058588206256813234,0.06379193319484155,0.04985705176988424,0.06872827495423593,0.05275715255352838,0.15397272671177947,0.03246673111335077,0.06362738846952831,0.04235998272280374
T>C,B_pseudomallei_group5,0.05367972396996141,0.026766795210066887,0.03995128881672407,0.03344022731885518,0.15709356606454256,0.061189364724984735,0.0621717069210474,0.060791556728232214,0.07386239090724588,0.05216155875786486,0.06878019078546786,0.06068601583113458,0.11406535417089522,0.03439821392327981,0.05738177389892425,0.043580271970773195
T>C,S_pneumoniae_GPSC1,0.07775501843506746,0.05735354362965989,0.060876689881196384,0.0387546087668984,0.08635804997951647,0.044489963129864814,0.05899221630479281,0.04088488324457203,0.1064317902498977,0.06341663252765264,0.08283490372798058,0.08693158541581347,0.06382630069643587,0.045145432199918095,0.04195002048340855,0.043998361327324695
T>C,S_pneumoniae_GPSC2,0.08317654437127654,0.05965820006271582,0.05174035747883325,0.04750705550329237,0.07400439009093758,0.040059579805581516,0.05409219190968956,0.04531201003449331,0.11030103480714992,0.09195672624647278,0.08066792097836299,0.08333333333333377,0.06467544684854214,0.04735026654123513,0.03206334274067071,0.03410159924741253
T>C,S_pneumoniae_GPSC3,0.07655196878325657,0.06136927988648471,0.05973749556580353,0.043348705214614834,0.07811280595956013,0.047534586732884215,0.057680028378858,0.041291238027669305,0.1196168854203623,0.07499113160695303,0.07598439162823697,0.09492727917701319,0.06527137282724359,0.041291238027669305,0.031571479247959874,0.030720113515430476
T>C,S_pneumoniae_GPSC6,0.08034422910037621,0.05937228811107916,0.05271912062481915,0.05496094879953732,0.09321666184553101,0.05091119467746559,0.051272779866936305,0.05864911773213774,0.0924934914665896,0.08974544402661291,0.06833960080995063,0.06826728377205674,0.05850448365634933,0.048090830199595,0.03984668787966435,0.03326583743129884
T>C,S_pneumoniae_GPSC54,0.0806640168342296,0.04652794014496142,0.05891980360065467,0.05377601122281954,0.08627542670095874,0.028290858078092052,0.058452186111760666,0.050035071311666984,0.09936871638999298,0.06780453588964236,0.09212064531213486,0.11129296235679223,0.05915361234510167,0.0416179565115733,0.030395136778115617,0.035305120411503174
T>C,S_agalactiae_CC1,0.08117216117216164,0.05846153846153821,0.04454212454212432,0.04234432234432212,0.07326007326007314,0.05641025641025632,0.05860805860805851,0.05274725274725266,0.09230769230769291,0.09992673992674006,0.06271062271062307,0.07501831501831521,0.05289377289377296,0.06446886446886436,0.03487179487179451,0.050256410256409874
T>C,S_agalactiae_CC10,0.07184976866551786,0.04463394720130651,0.055520275786990904,0.04436178898666391,0.07239408509480161,0.06404789984577687,0.058332577338292446,0.04390819196226079,0.09380386464664789,0.08681847047083399,0.09153587952463009,0.06286854758232803,0.0498956726843871,0.08681847047083399,0.042910278508573194,0.030300281230154755
T>C,S_agalactiae_CC17,0.07032731175102822,0.05319263101412987,0.05458773028080882,0.04714720085852246,0.07018422464675349,0.07708817742800923,0.05884457163298138,0.054230012520122016,0.08445716329815822,0.10549096762654314,0.07150778036129508,0.07909139688785534,0.051869075299588285,0.044643176533714836,0.04145948846360186,0.03587909139688771
T>C,S_agalactiae_CC19,0.06850331387872217,0.052972598674448104,0.049955485211197435,0.0419428232268271,0.05569294687901829,0.06207339994064686,0.05272529429221437,0.04713621525373375,0.09303590859630062,0.1272628350974388,0.08284696804827432,0.0801760807201509,0.04332772776733603,0.06286477396379482,0.04392125828469699,0.03556237016519944
T>C,S_agalactiae_CC23,0.0724209281702629,0.07872696817420466,0.07813577692383496,0.046901172529313466,0.05064538378165322,0.06197654941373574,0.06217361316385815,0.05232042565769987,0.07754458567346527,0.09606857818504327,0.08217558380135957,0.05606463691004044,0.04995566065622191,0.04867474628042173,0.046901172529313466,0.03931421814957152
T>C,S_equi,0.05805785123966945,0.07458677685950428,0.036157024793388295,0.051239669421487694,0.053719008264462666,0.07975206611570243,0.035743801652892385,0.054752066115702665,0.09256198347107458,0.09462809917355364,0.1206611570247934,0.08016528925619834,0.043595041322314135,0.08181818181818194,0.027272727272727008,0.015289256198347128
T>C,S_pyogenes_phylogroup0,0.04480483782297937,0.07504123144584962,0.09373282023089602,0.04782847718526646,0.0437053326003298,0.05854865310610238,0.08823529411764694,0.051126992853215786,0.09620670698185861,0.08411214953271028,0.08851017042330978,0.07091808686091236,0.03958218801539314,0.031885651456844306,0.04178119846069289,0.043980208905992045
T>C,S_pyogenes_phylogroup1,0.07488846398980221,0.07998725302740611,0.10070108349267061,0.0395156150414274,0.04206500956022935,0.05991077119184197,0.054493307839388154,0.04811982154238354,0.056086679413639304,0.11344805608667984,0.11217335882727861,0.042383683875079785,0.03919694072657748,0.043977055449330935,0.058954748247291175,0.03409815168897359
T>C,S_pyogenes_phylogroup2,0.08731617647058848,0.06893382352941205,0.08455882352941174,0.031249999999999906,0.033088235294117405,0.04733455882352948,0.06709558823529405,0.020680147058823314,0.09834558823529446,0.1355698529411767,0.08409926470588237,0.09558823529411772,0.033088235294117405,0.042738970588235246,0.04825367647058823,0.02205882352941144
T>C,S_pyogenes_phylogroup3,0.05340027384755823,0.05340027384755823,0.08717480602464651,0.06207211319032371,0.06800547695116364,0.04518484710177987,0.05294386125057055,0.04746691008671831,0.0511182108626198,0.09447740757644893,0.11592879963487021,0.08534915563669576,0.05933363760839817,0.05203103605659517,0.028753993610223714,0.043359196713829116
T>C,S_aureus_ST22,0.05016158493747337,0.07362652803147418,0.06519600955458743,0.025151046789377417,0.02416748630040719,0.06688211324996496,0.06983279471687519,0.023183925811437422,0.11184487846002567,0.12687930307713924,0.15568357453983464,0.04538429113390461,0.04159055781930562,0.062245328087677194,0.04664886890543777,0.011521708585077981
T>C,S_aureus_ST239,0.05241379310344803,0.06837438423645309,0.06561576354679817,0.02935960591133019,0.04571428571428573,0.06561576354679817,0.07487684729064041,0.02325123152709334,0.10758620689655202,0.09517241379310387,0.13517241379310374,0.04906403940886714,0.04926108374384211,0.06600985221674865,0.054187192118226486,0.01832512315270897
T>C,S_aureus_ST772,0.06319811875367447,0.07172251616696079,0.05036253184401342,0.03576327650401702,0.035959239662943274,0.05291005291005279,0.0694689398393103,0.02743484224965695,0.10650597687634751,0.11571624534587525,0.13482265334117213,0.05624142661179672,0.0477170291985104,0.06956692141877344,0.04232804232804224,0.020282186948853444
T>C,S_aureus_CC398,0.048671397629822574,0.07855394530630944,0.06661501347091861,0.03574635933015176,0.040219056507421844,0.04676962087728274,0.06703763052703847,0.026536829315536532,0.12026977055415689,0.13493810421032276,0.11509271161668633,0.053989328919332905,0.03814118931483216,0.054693690679532836,0.05911356072478836,0.013611791015865708
T>C,S_epidermidis_groupA,0.053628876592458886,0.06529082486166517,0.05715158924205389,0.047435979925363525,0.058744048385021036,0.0609799253635312,0.08383734397117515,0.057682408956376476,0.0733174623600566,0.09395508943507902,0.10830330716767489,0.05970917513833498,0.05025093295586158,0.04557006820229019,0.047950714193797477,0.03619225324925996
T>C,S_epidermidis_groupB,0.0541461439848864,0.0551807120527179,0.07379169196860318,0.0448462766794862,0.06787666149382614,0.058543058273170794,0.09081708386748552,0.05757596203585012,0.07092413917189574,0.07143017790072664,0.11054134898679799,0.07138519668038609,0.04787126374738553,0.03472550210287182,0.05558554303578228,0.034759238018127504
T>C,S_epidermidis_groupC,0.05313150901386186,0.0605652517417223,0.07324211735976442,0.04463836816777973,0.05839258780435267,0.06351001939237222,0.08965381024204587,0.053490627020038616,0.06521582992171207,0.0797421532715653,0.12294404941463802,0.07071033541621805,0.04546433958198682,0.037743302449184425,0.050312432665373524,0.0312432665373841
T>C,S_haemolyticus,0.05955216769890424,0.06660314435445469,0.06784182944259178,0.04678418294425914,0.049976179132920275,0.07532158170557418,0.06693663649356851,0.046688899475940994,0.08275369223439723,0.08427822772748933,0.09795140543115771,0.0812767984754645,0.04773701762744178,0.04249642686993786,0.049070986183897,0.034730824202001014
T>C,S_typhimurium,0.055003207184092365,0.042815907633098164,0.030628608082103954,0.06318152661962784,0.07649134060295067,0.06254008980115452,0.03720333547145593,0.09092366901860167,0.07777421423989728,0.11674150096215559,0.07408595253367543,0.13245670301475324,0.04361770365618991,0.04409878127004478,0.028864656831302023,0.023572803078896663
T>C,E_faecalis_pp2,0.07450784948916027,0.06628457513082468,0.05183154747072011,0.05033640667829571,0.061549962621480096,0.07849489160229293,0.057562920508348,0.04909045601794158,0.09444306005482189,0.06379267381011697,0.09942686269623731,0.0600548218290557,0.054572638923498645,0.05208073760279094,0.05507101918764029,0.030899576376775182
T>C,E_faecalis_pp6,0.061118335500650295,0.039791937581274237,0.04213263979193766,0.04707412223667094,0.08114434330299103,0.04109232769830956,0.054616384915474464,0.05643693107932384,0.10429128738621606,0.09388816644993506,0.10819245773732124,0.10559167750325098,0.03797139141742526,0.04135240572171638,0.04681404421326371,0.03849154746423931
T>C,E_faecalis_pp7,0.06530243755642488,0.05988564550105342,0.044237135118868155,0.03490821546795078,0.054468853445681406,0.05476978633764652,0.06319590731266911,0.04333433644297336,0.10743304243153781,0.13722539873608222,0.08696960577791184,0.06349684020463423,0.041829671983147805,0.05657538368943719,0.05115859163406573,0.03520914835991535
T>C,C_jejuni_cluster2,0.041938406698993284,0.02025230750848803,0.03507811177600983,0.020899505142732006,0.0788087580775244,0.06232015373433025,0.10674778210349223,0.023358856152857942,0.14517140780420812,0.11742156462517334,0.186910676769588,0.07610048490038128,0.03126462417731217,0.01315304730516843,0.030010056455547312,0.010564256768193562
T>C,C_jejuni_cluster5,0.03835641987618626,0.021455779287389662,0.03300144186280058,0.0205985523984418,0.07573725099172901,0.07296471381534106,0.11095170118290137,0.02843195627066854,0.15223488734101887,0.11839056548280905,0.172291844508368,0.0697438362158633,0.029271249542692595,0.014870555153045355,0.030135649878410112,0.011563596192334392
T>C,C_jejuni_cluster6,0.034694079272511384,0.021844420282692338,0.03968567757240273,0.020460610853019624,0.08273203518829701,0.068053770880696,0.11638825738855403,0.028862310961747472,0.14431155480873803,0.10744291786102603,0.18804981713946833,0.06825145794207783,0.021844420282692338,0.01873084906592857,0.02807156271622021,0.010576257783927824
T>C,C_jejuni_cluster7,0.03648592575437379,0.019661484719528208,0.034978143183857606,0.019545687018112483,0.08441169942776643,0.060854104546024676,0.11295583282671867,0.02760327707495006,0.140428837487576,0.11221521002808094,0.1963350027501958,0.07205029480164837,0.026853004467861298,0.01528288413474972,0.029620087041272208,0.010718524737283784
T>C,C_jejuni_cluster8,0.03502882964594603,0.017233001846393026,0.03708577629490444,0.017484046516147635,0.08265038385539841,0.06589517670305461,0.11158935570600262,0.030453338084286217,0.1386981309319427,0.11844854394091546,0.19926063295649662,0.06921949402351717,0.027161413624437095,0.0130745683651323,0.026707913575847862,0.010009393929577793
T>C,K_pneumoniae_ST11,0.09073724007561468,0.04725897920604907,0.05141776937618148,0.04385633270321345,0.0563327032136107,0.06313799621928193,0.03894139886578423,0.0325141776937614,0.09451795841209869,0.14253308128544456,0.07788279773156903,0.0695652173913042,0.06351606805292977,0.05066162570888468,0.052173913043478286,0.02495274102079394
T>C,K_pneumoniae_ST23,0.08147578785549554,0.040994107097104764,0.027158595951831364,0.04714322316167048,0.08685626441199099,0.05944145529080191,0.03971304125031979,0.05175506021009494,0.12451960030745625,0.09889828337176541,0.07660773763771479,0.08890596976684621,0.06866512938765011,0.03510120420189604,0.03740712272610828,0.03535741737125304
T>C,K_pneumoniae_ST101,0.061976549413735316,0.05318257956448932,0.02763819095477345,0.05402010050251258,0.08333333333333313,0.06658291457286442,0.04857621440536022,0.05402010050251258,0.11515912897822464,0.11850921273031825,0.126465661641541,0.04564489112227822,0.04648241206030149,0.03308207705192639,0.03433835845896129,0.030988274706867658
T>C,K_pneumoniae_ST147,0.06768905341089396,0.05129561078794288,0.05393971443680576,0.05182443151771546,0.07773664727657349,0.06610259122157562,0.07667900581702834,0.039132734003173034,0.07826546800634607,0.10364886303543092,0.07826546800634607,0.07562136435748258,0.050766790058170315,0.043892120571126216,0.04653622421998909,0.03860391327340046
T>C,K_pneumoniae_ST258_512,0.04424900371032033,0.04314964958087107,0.046997389033942516,0.0420502954514223,0.07200769547890613,0.07503091933489088,0.04754706609866715,0.05620447986807727,0.12518895149099918,0.14593926068434823,0.0805276899821357,0.07626769273052068,0.05166964408410066,0.04150061838669767,0.025422564243506734,0.026247079840593438
T>C,N_gonorrhoea,0.054196143523569176,0.04315445315271286,0.051948986353079714,0.0306955311188601,0.09873603683798392,0.06635722938739456,0.07370775913420036,0.04721037942320173,0.0936293177878471,0.09228570854890215,0.12235544906332216,0.059712805616721557,0.07189062384964962,0.029884011217380116,0.038927856717376884,0.025307708267798122
T>C,N_meningitidis_cluster1,0.04338644653484348,0.042426569399116695,0.06287195239009402,0.043770397389134096,0.1266077942023423,0.044730274524860884,0.09118832789402981,0.030044154348243337,0.10625839892493798,0.09464388558264539,0.08264542138606266,0.06066423497792284,0.061432136686504074,0.05029756191207512,0.03493952774044934,0.024092916106738
T>C,N_meningitidis_cluster2,0.05183465959328017,0.04597701149425275,0.0358090185676393,0.020335985853227222,0.11626878868258186,0.07946507515473028,0.08852785145888614,0.05260831122900088,0.11903183023872682,0.08090185676392572,0.10864279398762178,0.07427055702917759,0.034151193633952276,0.02895667550839959,0.033377541998231564,0.029840848806365918
T>C,N_meningitidis_urethritis,0.033409610983981756,0.046681922196796205,0.028375286041189732,0.027917620137299624,0.11624713958810079,0.08283752860411903,0.13089244851258597,0.033409610983981756,0.07459954233409621,0.07643020594965667,0.1011441647597255,0.05903890160183081,0.04988558352402738,0.05400457665903879,0.05629290617848975,0.028832951945079847
T>C,L_pneumophila_ST1,0.03508771929824541,0.05025584795321618,0.03362573099415191,0.03161549707602311,0.05573830409356729,0.046600877192982434,0.05226608187134499,0.030153508771929613,0.1447368421052636,0.16867690058479587,0.1774488304093573,0.07986111111111098,0.02320906432748501,0.031432748538011666,0.020285087719298014,0.019005847953216446
T>C,L_pneumophila_environmental,0.04699093157460809,0.04498881168295848,0.03497821222470817,0.0445177246496292,0.09845718996584639,0.06642327169944641,0.07890707808267561,0.06253680367447909,0.10187257095748442,0.12389588976563466,0.09928159227417306,0.08927099281592275,0.03474266870804381,0.027440819691437884,0.026498645624778747,0.019196796608173385
T>C,Y_pestis,0.06885828520657515,0.047534429142603404,0.036872501110617524,0.04575744113727253,0.09817858729453582,0.07418924922256777,0.050199911150599706,0.0435362061306083,0.0861839182585518,0.10173256330519757,0.08174144824522461,0.06619280319857822,0.040870724122611994,0.05419813416259418,0.06530430919591278,0.0386494891159484
T>C,C_acnes,0.048984287487511664,0.05714328963700756,0.06221428355181495,0.07203838818079987,0.05767309497139067,0.05179982440737493,0.05216311949380879,0.057294662589688496,0.06766370984832422,0.08790227362174947,0.08160515879022755,0.08788713632648117,0.0625170294571765,0.048000363295086376,0.06000423844267512,0.04510913989888281
T>C,E_coli_lineage11,0.050151668351870654,0.054398382204246434,0.033771486349848105,0.0428715874620828,0.0667340748230534,0.07826086956521755,0.048736097067745225,0.05581395348837186,0.07401415571284124,0.11688574317492455,0.10758341759352916,0.10192113245702744,0.05480283114256835,0.04064711830131455,0.046107178968655065,0.02730030333670357
T>C,E_coli_lineage12,0.07527043269230763,0.04987980769230785,0.029146634615384526,0.047025240384615384,0.1265024038461539,0.0677584134615387,0.03470552884615386,0.051682692307692436,0.09119591346153834,0.11989182692307729,0.07151442307692288,0.07932692307692293,0.057091346153846194,0.04792668269230768,0.028094951923076657,0.022986778846153473
T>C,E_coli_lineage14,0.07204749679075738,0.03161103979460841,0.031771501925545294,0.04091784338896008,0.14682284980744592,0.07621951219512187,0.045571245186136145,0.0330551989730422,0.10686777920410806,0.11071887034659832,0.08937740693196426,0.06049422336328611,0.0426829268292681,0.048940949935815305,0.035622593068036015,0.02727856225930657
T>C,E_coli_lineage34,0.06157303370786509,0.057977528089887646,0.03370786516853898,0.03460674157303348,0.09348314606741616,0.05528089887640471,0.03820224719101092,0.06606741573033703,0.13483146067415755,0.10741573033707895,0.07056179775280896,0.06337078651685409,0.06786516853932602,0.059325842696629126,0.02786516853932557,0.02786516853932557
T>C,S_sonnei_lineage1,0.03760445682451229,0.04735376044568261,0.043175487465180684,0.020891364902506475,0.11281337047353814,0.0821727019498607,0.059888579387186495,0.04735376044568261,0.09470752089136522,0.12674094707520914,0.06963788300835681,0.08077994428969361,0.06406685236768779,0.05153203342618391,0.026462395543175504,0.034818941504178094
T>C,S_sonnei_lineage2,0.056784660766961516,0.05162241887905578,0.034660766961651816,0.033185840707964535,0.18584070796460223,0.03982300884955754,0.053097345132743556,0.06415929203539841,0.1002949852507375,0.07964601769911508,0.08185840707964627,0.05825958702064878,0.044985250737463275,0.04056047197640093,0.0501474926253685,0.02507374631268425
T>C,S_sonnei_lineage3,0.06150919467343052,0.05516804058338612,0.04755865567533272,0.057070386810399616,0.15979708306911905,0.07165504121750194,0.032974001268230406,0.07736207989854182,0.09194673430564354,0.10399492707672844,0.07482561826252382,0.05897273303741251,0.027266962587190507,0.031071655041217512,0.024730500951173108,0.02409638554216861
T>C,S_flexneri_PG3,0.0807843137254905,0.05202614379084958,0.026928104575163193,0.052549019607843146,0.1347712418300656,0.05398692810457512,0.04065359477124157,0.04653594771241822,0.08732026143790854,0.11856209150326812,0.0729411764705883,0.09241830065359505,0.042875816993464134,0.045882352941176374,0.02705882352941147,0.024705882352941088
T>C,H_influenzae_Hib,0.0423131170662906,0.04936530324400556,0.06008462623413257,0.026798307475317095,0.06798307475317368,0.04485190409026778,0.07672778561354009,0.03949224259520427,0.09844851904090282,0.16078984485190428,0.13596614950634736,0.06854724964739069,0.029055007052185985,0.032722143864598034,0.04456981664315949,0.022284908321579745
