Substitution,P_aeruginosa_mutY,P_aeruginosa_mutM,P_aeruginosa_PA4172,COSMIC SBS18,COSMIC SBS36
A[C>A]A,0.003849293,0.006830601,0,0.051533858,0.025193777
A[C>A]C,0.003583444,0,0,0.015810387,0.008317945
A[C>A]G,0.005758569,0.000979112,0,0.002431598,0.002239447
A[C>A]T,0.006355932,0.008196721,0,0.021414069,0.01789558
C[C>A]A,0.017743123,0.000652742,0.029900332,0.07404865,0.055786221
C[C>A]C,0.056329242,0.001631854,0.063122924,0.019612886,0.020195012
C[C>A]G,0.05191538,0.000326371,0.086378738,0.012007889,0.007098247
C[C>A]T,0.069937385,0.006117222,0.106312292,0.036323865,0.06048506
G[C>A]A,0.005410021,0.000652742,0.03654485,0.10907166,0.067683282
G[C>A]C,0.016769239,0.00273224,0.046511628,0.017311374,0.019195259
G[C>A]G,0.017354464,0.006362716,0.043189369,0.00756497,0.004828807
G[C>A]T,0.01689839,0.010645933,0.023255814,0.062340958,0.068982961
T[C>A]A,0.024097184,0,0.063122924,0.073848518,0.140965182
T[C>A]C,0.024542519,0.004098361,0.136212625,0.043628664,0.077180936
T[C>A]G,0.034529841,0.003304105,0.149501661,0.012708349,0.01469637
T[C>A]T,0.056254309,0,0.169435216,0.122080207,0.207948637
A[C>G]A,0,0.112303651,0,0.001731137,0.001839546
A[C>G]C,0.005777651,0.162574811,0,0.002591703,0.001669588
A[C>G]G,0.001807362,0.105114294,0,0.001921262,0.000499877
A[C>G]T,0.008514502,0.07764998,0,0.004082682,0.001909528
C[C>G]A,0.002047671,0.000652742,0,0.000613403,0.001239694
C[C>G]C,0.002420529,0.018665718,0,0.002261486,0.001369662
C[C>G]G,0.001765537,0.002264355,0,0.003582354,0.000418897
C[C>G]T,0.002118644,0.003875969,0,0.003792492,0.002089484
G[C>G]A,0,0.005181452,0,0.000635417,0.000885781
G[C>G]C,0.002392924,0.028665069,0,0.001340881,0.001079733
G[C>G]G,0,0.012116032,0,0.00063942,0.000171958
G[C>G]T,0.001544851,0.005016836,0,0.001230809,0.001049741
T[C>G]A,0,0,0,0.002141407,0.003979017
T[C>G]C,0.002895741,0.000979112,0,0.00464305,0.002409405
T[C>G]G,0,0.005813953,0,0.000899591,0.000301925
T[C>G]T,0.008625599,0,0,0.003182091,0.007588126
A[C>T]A,0.014441575,0.020110602,0,0.009206048,0.005958528
A[C>T]C,0.031124847,0.009138381,0,0.004653057,0.00327919
A[C>T]G,0.010222181,0.011073421,0,0.012208021,0.007068254
A[C>T]T,0.015175626,0.003916449,0,0.00797524,0.004308936
C[C>T]A,0.009315582,0.006201044,0.006644518,0.011707692,0.006748333
C[C>T]C,0.006002825,0.008933285,0,0.006764444,0.00667835
C[C>T]G,0.059691139,0.019714572,0.009966777,0.016811045,0.005328684
C[C>T]T,0.003531073,0.021540304,0.019933555,0.006654372,0.00574858
G[C>T]A,0.013076244,0.005874674,0,0.009686364,0.003719081
G[C>T]C,0.012680288,0.007546925,0,0.008175371,0.00339916
G[C>T]G,0.031149308,0.016612619,0,0.01480973,0.005698592
G[C>T]T,0.006974078,0.023844308,0,0.006694398,0.003629104
T[C>T]A,0.009248785,0.008075447,0,0.011407495,0.010697358
T[C>T]C,0.001765537,0.022640774,0,0.011407495,0.006858306
T[C>T]G,0.009227674,0.010686413,0.003322259,0.011807758,0.003889039
T[C>T]T,0.00529661,0.016644909,0,0.003752465,0.008327943
A[T>A]A,0,0,0,0.002491637,0.002439397
A[T>A]C,0.002425674,0,0,0.000878577,0.001429647
A[T>A]G,0.001821437,0,0,0.002601709,0.002529375
A[T>A]T,0,0,0,0.007845154,0.003069242
C[T>A]A,0,0,0,0.000542356,0.001259689
C[T>A]C,0,0,0,0.003062012,0.001459639
C[T>A]G,0.001059322,0.001958225,0,0.00321211,0.002139472
C[T>A]T,0,0,0,0.002261486,0.001959516
G[T>A]A,0,0.011627907,0,0.001601052,0.000879783
G[T>A]C,0.000859125,0,0,0.001951282,0.000630844
G[T>A]G,0.000811137,0.005813953,0,0.001831203,0.001169711
G[T>A]T,0,0,0,0.003462275,0.001119723
T[T>A]A,0,0,0,0.0108071,0.002459393
T[T>A]C,0,0.005813953,0,0.002731795,0.001019748
T[T>A]G,0,0,0,0.001791177,0.000871785
T[T>A]T,0,0,0,0.007104668,0.002699333
A[T>C]A,0.008719448,0.00424282,0,0.002021328,0.005248704
A[T>C]C,0.002118644,0.010770235,0,0.002091374,0.001689583
A[T>C]G,0.025201497,0.004569191,0,0.002081367,0.003839052
A[T>C]T,0.00311836,0,0,0.004242788,0.005118736
C[T>C]A,0.03851807,0,0,0.000386254,0.00149963
C[T>C]C,0.003884181,0.012667739,0,0.002461617,0.001879536
C[T>C]G,0.018311834,0.007688439,0,0.001621065,0.001849543
C[T>C]T,0.001984194,0.002284595,0,0.002561683,0.002159467
G[T>C]A,0.029519632,0.019787176,0,0.000708465,0.002339422
G[T>C]C,0.030960139,0.023784585,0,0.002261486,0.001399654
G[T>C]G,0.007062147,0.012341369,0,0.003982617,0.001839546
G[T>C]T,0.031433815,0.011096606,0,0.003152071,0.002649346
T[T>C]A,0.034210061,0.010117493,0,0.001801183,0.002969267
T[T>C]C,0.004342124,0.007832898,0,0.006184063,0.002279437
T[T>C]G,0.014013453,0,0,0.003262143,0.001379659
T[T>C]T,0,0.002937337,0,0.003372216,0.002799309
A[T>G]A,0.004590395,0,0,0.000721474,0.001089731
A[T>G]C,0.001059322,0,0,0.000858564,0.000622846
A[T>G]G,0.002471751,0.001305483,0,0.001991308,0.000935769
A[T>G]T,0,0,0,0.00184121,0.000983757
C[T>G]A,0,0,0,0.000111073,0.000477882
C[T>G]C,0,0.000979112,0,0.001991308,0.00056586
C[T>G]G,0.000706215,0.000979112,0,0.002931926,0.000886781
C[T>G]T,0.001636709,0.007751938,0,0.004142722,0.001069736
G[T>G]A,0,0.001958225,0,0.000870572,0.000184954
G[T>G]C,0.001765537,0.005016836,0.006644518,3.70E-05,0.000312923
G[T>G]G,0.002118644,0.019736842,0,0.005833833,0.001529622
G[T>G]T,0.002471751,0,0,0.002141407,0.000488879
T[T>G]A,0.031583339,0,0,0.000696458,0.000787805
T[T>G]C,0.001059322,0.000979112,0,0.002101381,0.000743816
T[T>G]G,0,0,0,0.001450953,0.000901777
T[T>G]T,0,0,0,0.005163392,0.001809553